atoms,res_label,res_pointer,mass,charge,coords,bonds,angles,torsions,energy
2.0,3.0,1.0,16.0,0.0,4.044000148773193,6.0,6.0,3.0,13.0483661
1.0,3.0,5.0,12.01,0.0,-9.678000450134277,15.0,9.0,6.0,45.8199052
4.0,3.0,6.0,20.0,0.0,1.2929999828338623,1.0,12.0,9.0,203.9325141
5.0,3.0,11.0,12.0,0.0,3.368000030517578,6.0,4.0,12.0,54.6390068
11.0,4.0,12.0,130.0,0.0,-9.791999816894531,9.0,0.0,10.0,-877.1666941
3.0,2.0,17.0,36.97,-1.0,2.5439999103546143,2.0,3.0,3.0,-89.2066566
2.0,2.0,18.0,16.0,0.0,2.5390000343322754,9.0,6.0,6.0,206.7909182
1.0,,23.0,12.01,0.0,-8.543000221252441,12.0,8.0,9.0,-984.048532
4.0,,24.0,20.0,0.0,2.8910000324249268,6.0,3.0,12.0,-1426.1911723
5.0,,29.0,12.0,0.0,2.7090001106262207,3.0,6.0,11.0,
11.0,,30.0,130.0,0.0,-6.267000198364258,6.0,15.0,15.0,
3.0,,36.0,36.97,-1.0,2.3980000019073486,9.0,9.0,6.0,
2.0,,37.0,16.0,0.0,3.8910000324249268,0.0,6.0,9.0,
1.0,,43.0,12.01,0.0,-4.888000011444092,3.0,15.0,12.0,
4.0,,,20.0,0.0,-0.0430000014603138,11.0,18.0,16.0,
5.0,,,12.0,0.0,-0.8029999732971191,24.0,10.0,3.0,
11.0,,,130.0,0.0,-9.347000122070312,33.0,3.0,6.0,
3.0,,,36.97,-1.0,0.9480000138282776,1.0,6.0,15.0,
2.0,,,16.0,0.0,-1.4420000314712524,24.0,9.0,18.0,
1.0,,,12.01,0.0,-7.952000141143799,27.0,11.0,18.0,
4.0,,,20.0,0.0,0.4650000035762787,2.0,9.0,9.0,
5.0,,,12.0,0.0,-2.2130000591278076,27.0,6.0,6.0,
11.0,,,130.0,0.0,-7.139999866485596,30.0,15.0,15.0,
3.0,,,36.97,-1.0,1.3359999656677246,6.0,12.0,18.0,
2.0,,,16.0,0.0,-2.2720000743865967,21.0,24.0,19.0,
1.0,,,12.01,0.0,-5.673999786376953,24.0,27.0,0.0,
4.0,,,20.0,0.0,0.8659999966621399,9.0,30.0,3.0,
5.0,,,12.0,0.0,-1.2009999752044678,15.0,4.0,6.0,
10.0,,,131.0,0.0,-4.563000202178955,18.0,15.0,15.0,
3.0,,,36.97,-1.0,-0.8989999890327454,10.0,18.0,20.0,
2.0,,,16.0,0.0,-0.2630000114440918,18.0,21.0,0.0,
1.0,,,12.01,0.0,-5.885000228881836,21.0,7.0,3.0,
4.0,,,20.0,0.0,-3.493000030517578,11.0,18.0,6.0,
5.0,,,12.0,0.0,-6.0229997634887695,42.0,21.0,9.0,
8.0,,,67.0,0.0,-5.502999782562256,51.0,24.0,21.0,
9.0,,,67.0,0.0,-0.07500000298023224,1.0,8.0,6.0,
3.0,,,36.97,-1.0,-6.500999927520752,42.0,21.0,15.0,
2.0,,,16.0,0.0,-4.322999954223633,45.0,24.0,18.0,
1.0,,,12.01,0.0,-1.0540000200271606,2.0,33.0,21.0,
4.0,,,20.0,0.0,-6.7779998779296875,45.0,9.0,25.0,
5.0,,,12.0,0.0,-3.010999917984009,48.0,24.0,21.0,
8.0,,,67.0,0.0,-0.5809999704360962,6.0,33.0,24.0,
9.0,,,67.0,0.0,-6.5920000076293945,39.0,36.0,27.0,
,,,,,-1.968999981880188,42.0,10.0,30.0,
,,,,,-1.6959999799728394,9.0,21.0,10.0,
,,,,,-5.329999923706055,33.0,24.0,21.0,
,,,,,-1.8910000324249268,36.0,27.0,24.0,
,,,,,-3.681999921798706,10.0,11.0,27.0,
,,,,,-4.51200008392334,36.0,27.0,30.0,
,,,,,-4.125,39.0,24.0,11.0,
,,,,,-5.578999996185303,11.0,33.0,33.0,
,,,,,-9.590999603271484,60.0,12.0,24.0,
,,,,,-0.734000027179718,69.0,42.0,27.0,
,,,,,-1.725000023841858,1.0,45.0,30.0,
,,,,,-10.89799976348877,60.0,48.0,16.0,
,,,,,-0.1469999998807907,63.0,4.0,21.0,
,,,,,-2.497999906539917,2.0,33.0,24.0,
,,,,,-10.815999984741211,63.0,36.0,33.0,
,,,,,0.902999997138977,66.0,39.0,36.0,
,,,,,-3.4660000801086426,6.0,7.0,18.0,
,,,,,-11.055999755859375,57.0,36.0,27.0,
,,,,,0.45899999141693115,60.0,39.0,24.0,
,,,,,-4.921999931335449,9.0,42.0,33.0,
,,,,,-10.60099983215332,51.0,8.0,36.0,
,,,,,-1.5420000553131104,54.0,39.0,19.0,
,,,,,-6.008999824523926,10.0,42.0,18.0,
,,,,,-8.949999809265137,54.0,51.0,21.0,
,,,,,-4.052999973297119,57.0,9.0,24.0,
,,,,,-5.581999778747559,11.0,42.0,33.0,
,,,,,-14.079999923706055,78.0,51.0,20.0,
,,,,,1.8890000581741333,87.0,54.0,18.0,
,,,,,-5.406000137329102,1.0,10.0,21.0,
,,,,,-12.975000381469727,78.0,39.0,24.0,
,,,,,3.055000066757202,81.0,42.0,27.0,
,,,,,-5.452000141143799,2.0,45.0,21.0,
,,,,,-13.357999801635742,81.0,11.0,15.0,
,,,,,4.419000148773193,84.0,45.0,18.0,
,,,,,-5.572999954223633,5.0,42.0,21.0,
,,,,,-12.140999794006348,75.0,51.0,24.0,
,,,,,5.354000091552734,78.0,12.0,22.0,
,,,,,-5.5289998054504395,9.0,60.0,15.0,
,,,,,-10.961999893188477,69.0,63.0,18.0,
,,,,,6.078000068664551,72.0,66.0,21.0,
,,,,,-7.4070000648498535,10.0,4.0,24.0,
,,,,,-10.319999694824219,72.0,51.0,23.0,
,,,,,5.414999961853027,75.0,54.0,15.0,
,,,,,-10.359000205993652,11.0,57.0,18.0,
,,,,,-12.086000442504883,96.0,7.0,21.0,
,,,,,8.086000442504883,108.0,54.0,24.0,
,,,,,-3.5220000743865967,1.0,57.0,24.0,
,,,,,-10.625,96.0,60.0,24.0,
,,,,,8.380999565124512,99.0,8.0,33.0,
,,,,,-2.8929998874664307,2.0,57.0,36.0,
,,,,,-9.447999954223633,99.0,60.0,39.0,
,,,,,7.7210001945495605,102.0,69.0,25.0,
,,,,,-3.3510000705718994,4.0,9.0,39.0,
,,,,,-9.416999816894531,102.0,60.0,42.0,
,,,,,6.208000183105469,105.0,69.0,45.0,
,,,,,-3.0810000896453857,8.0,72.0,48.0,
,,,,,-8.35200023651123,93.0,10.0,10.0,
,,,,,4.307000160217285,96.0,57.0,39.0,
,,,,,-3.8559999465942383,9.0,60.0,42.0,
,,,,,-5.876999855041504,87.0,63.0,45.0,
,,,,,4.264999866485596,90.0,11.0,48.0,
,,,,,-4.824999809265137,10.0,63.0,11.0,
,,,,,-5.456999778747559,90.0,60.0,51.0,
,,,,,2.6760001182556152,93.0,69.0,42.0,
,,,,,-6.334000110626221,11.0,12.0,45.0,
,,,,,-8.95199966430664,117.0,78.0,48.0,
,,,,,7.184000015258789,120.0,81.0,16.0,
,,,,,0.2619999945163727,2.0,84.0,39.0,
,,,,,-8.35099983215332,120.0,2.0,42.0,
,,,,,6.684999942779541,123.0,69.0,51.0,
,,,,,1.6720000505447388,4.0,72.0,54.0,
,,,,,-7.048999786376953,123.0,75.0,18.0,
,,,,,6.129000186920166,126.0,7.0,45.0,
,,,,,1.8049999475479126,8.0,72.0,42.0,
,,,,,-7.093999862670898,114.0,75.0,51.0,
,,,,,4.593999862670898,117.0,78.0,54.0,
,,,,,1.843000054359436,9.0,8.0,19.0,
,,,,,-5.9679999351501465,108.0,75.0,36.0,
,,,,,2.821000099182129,111.0,78.0,39.0,
,,,,,0.8270000219345093,10.0,87.0,42.0,
,,,,,-3.496999979019165,111.0,9.0,51.0,
,,,,,3.2209999561309814,114.0,78.0,20.0,
,,,,,-0.07000000029802322,11.0,87.0,36.0,
,,,,,-2.5490000247955322,,90.0,39.0,
,,,,,1.475000023841858,,10.0,42.0,
,,,,,-1.0820000171661377,,75.0,45.0,
,,,,,,,78.0,21.0,
,,,,,,,81.0,33.0,
,,,,,,,11.0,36.0,
,,,,,,,81.0,39.0,
,,,,,,,78.0,42.0,
,,,,,,,87.0,22.0,
,,,,,,,12.0,33.0,
,,,,,,,96.0,36.0,
,,,,,,,99.0,39.0,
,,,,,,,102.0,42.0,
,,,,,,,1.0,23.0,
,,,,,,,99.0,33.0,
,,,,,,,102.0,36.0,
,,,,,,,105.0,39.0,
,,,,,,,5.0,42.0,
,,,,,,,87.0,24.0,
,,,,,,,90.0,42.0,
,,,,,,,93.0,51.0,
,,,,,,,7.0,54.0,
,,,,,,,90.0,57.0,
,,,,,,,93.0,25.0,
,,,,,,,96.0,57.0,
,,,,,,,8.0,60.0,
,,,,,,,93.0,63.0,
,,,,,,,96.0,66.0,
,,,,,,,108.0,10.0,
,,,,,,,9.0,57.0,
,,,,,,,96.0,60.0,
,,,,,,,108.0,63.0,
,,,,,,,111.0,66.0,
,,,,,,,10.0,11.0,
,,,,,,,93.0,69.0,
,,,,,,,96.0,60.0,
,,,,,,,99.0,63.0,
,,,,,,,11.0,66.0,
,,,,,,,99.0,16.0,
,,,,,,,96.0,57.0,
,,,,,,,108.0,60.0,
,,,,,,,12.0,69.0,
,,,,,,,117.0,72.0,
,,,,,,,120.0,18.0,
,,,,,,,123.0,63.0,
,,,,,,,1.0,60.0,
,,,,,,,120.0,69.0,
,,,,,,,123.0,72.0,
,,,,,,,126.0,19.0,
,,,,,,,5.0,54.0,
,,,,,,,108.0,57.0,
,,,,,,,111.0,60.0,
,,,,,,,114.0,69.0,
,,,,,,,7.0,20.0,
,,,,,,,111.0,54.0,
,,,,,,,114.0,57.0,
,,,,,,,117.0,60.0,
,,,,,,,8.0,63.0,
,,,,,,,114.0,21.0,
,,,,,,,117.0,51.0,
,,,,,,,120.0,54.0,
,,,,,,,11.0,57.0,
,,,,,,,,60.0,
,,,,,,,,22.0,
,,,,,,,,51.0,
,,,,,,,,54.0,
,,,,,,,,57.0,
,,,,,,,,60.0,
,,,,,,,,23.0,
,,,,,,,,51.0,
,,,,,,,,54.0,
,,,,,,,,57.0,
,,,,,,,,60.0,
,,,,,,,,24.0,
,,,,,,,,60.0,
,,,,,,,,69.0,
,,,,,,,,72.0,
,,,,,,,,75.0,
,,,,,,,,25.0,
,,,,,,,,75.0,
,,,,,,,,78.0,
,,,,,,,,81.0,
,,,,,,,,84.0,
,,,,,,,,12.0,
,,,,,,,,75.0,
,,,,,,,,78.0,
,,,,,,,,81.0,
,,,,,,,,84.0,
,,,,,,,,13.0,
,,,,,,,,87.0,
,,,,,,,,78.0,
,,,,,,,,81.0,
,,,,,,,,84.0,
,,,,,,,,17.0,
,,,,,,,,75.0,
,,,,,,,,78.0,
,,,,,,,,87.0,
,,,,,,,,90.0,
,,,,,,,,18.0,
,,,,,,,,81.0,
,,,,,,,,78.0,
,,,,,,,,87.0,
,,,,,,,,90.0,
,,,,,,,,19.0,
,,,,,,,,72.0,
,,,,,,,,75.0,
,,,,,,,,78.0,
,,,,,,,,87.0,
,,,,,,,,20.0,
,,,,,,,,72.0,
,,,,,,,,75.0,
,,,,,,,,78.0,
,,,,,,,,81.0,
,,,,,,,,21.0,
,,,,,,,,69.0,
,,,,,,,,72.0,
,,,,,,,,75.0,
,,,,,,,,78.0,
,,,,,,,,22.0,
,,,,,,,,69.0,
,,,,,,,,72.0,
,,,,,,,,75.0,
,,,,,,,,78.0,
,,,,,,,,23.0,
,,,,,,,,69.0,
,,,,,,,,72.0,
,,,,,,,,75.0,
,,,,,,,,78.0,
,,,,,,,,24.0,
,,,,,,,,78.0,
,,,,,,,,87.0,
,,,,,,,,90.0,
,,,,,,,,93.0,
,,,,,,,,25.0,
,,,,,,,,96.0,
,,,,,,,,99.0,
,,,,,,,,102.0,
,,,,,,,,105.0,
,,,,,,,,3.0,
,,,,,,,,96.0,
,,,,,,,,99.0,
,,,,,,,,102.0,
,,,,,,,,105.0,
,,,,,,,,4.0,
,,,,,,,,96.0,
,,,,,,,,102.0,
,,,,,,,,105.0,
,,,,,,,,99.0,
,,,,,,,,5.0,
,,,,,,,,93.0,
,,,,,,,,96.0,
,,,,,,,,99.0,
,,,,,,,,102.0,
,,,,,,,,7.0,
,,,,,,,,93.0,
,,,,,,,,96.0,
,,,,,,,,99.0,
,,,,,,,,102.0,
,,,,,,,,8.0,
,,,,,,,,108.0,
,,,,,,,,96.0,
,,,,,,,,99.0,
,,,,,,,,102.0,
,,,,,,,,14.0,
,,,,,,,,93.0,
,,,,,,,,96.0,
,,,,,,,,108.0,
,,,,,,,,111.0,
,,,,,,,,18.0,
,,,,,,,,99.0,
,,,,,,,,96.0,
,,,,,,,,108.0,
,,,,,,,,111.0,
,,,,,,,,19.0,
,,,,,,,,90.0,
,,,,,,,,93.0,
,,,,,,,,96.0,
,,,,,,,,108.0,
,,,,,,,,20.0,
,,,,,,,,90.0,
,,,,,,,,93.0,
,,,,,,,,96.0,
,,,,,,,,99.0,
,,,,,,,,21.0,
,,,,,,,,87.0,
,,,,,,,,90.0,
,,,,,,,,93.0,
,,,,,,,,96.0,
,,,,,,,,22.0,
,,,,,,,,87.0,
,,,,,,,,90.0,
,,,,,,,,93.0,
,,,,,,,,96.0,
,,,,,,,,23.0,
,,,,,,,,87.0,
,,,,,,,,90.0,
,,,,,,,,93.0,
,,,,,,,,96.0,
,,,,,,,,24.0,
,,,,,,,,96.0,
,,,,,,,,108.0,
,,,,,,,,111.0,
,,,,,,,,114.0,
,,,,,,,,25.0,
,,,,,,,,117.0,
,,,,,,,,120.0,
,,,,,,,,123.0,
,,,,,,,,126.0,
,,,,,,,,3.0,
,,,,,,,,117.0,
,,,,,,,,120.0,
,,,,,,,,123.0,
,,,,,,,,126.0,
,,,,,,,,4.0,
,,,,,,,,117.0,
,,,,,,,,123.0,
,,,,,,,,126.0,
,,,,,,,,120.0,
,,,,,,,,5.0,
,,,,,,,,114.0,
,,,,,,,,117.0,
,,,,,,,,120.0,
,,,,,,,,123.0,
,,,,,,,,7.0,
,,,,,,,,114.0,
,,,,,,,,117.0,
,,,,,,,,120.0,
,,,,,,,,123.0,
,,,,,,,,8.0,
,,,,,,,,111.0,
,,,,,,,,114.0,
,,,,,,,,117.0,
,,,,,,,,120.0,
,,,,,,,,21.0,
,,,,,,,,108.0,
,,,,,,,,111.0,
,,,,,,,,114.0,
,,,,,,,,117.0,
,,,,,,,,22.0,
,,,,,,,,108.0,
,,,,,,,,111.0,
,,,,,,,,114.0,
,,,,,,,,117.0,
,,,,,,,,23.0,
,,,,,,,,108.0,
,,,,,,,,111.0,
,,,,,,,,114.0,
,,,,,,,,117.0,
,,,,,,,,24.0,
,,,,,,,,,
,,,,,,,,,
,,,,,,,,,
,,,,,,,,,
,,,,,,,,,
,,,,,,,,,
,,,,,,,,,
,,,,,,,,,
,,,,,,,,,
,,,,,,,,,
,,,,,,,,,
,,,,,,,,,
,,,,,,,,,
,,,,,,,,,
,,,,,,,,,
,,,,,,,,,
,,,,,,,,,
,,,,,,,,,
,,,,,,,,,
,,,,,,,,,
,,,,,,,,,
,,,,,,,,,
,,,,,,,,,
,,,,,,,,,
,,,,,,,,,
,,,,,,,,,
,,,,,,,,,
,,,,,,,,,
,,,,,,,,,
,,,,,,,,,
,,,,,,,,,
,,,,,,,,,
,,,,,,,,,
,,,,,,,,,
,,,,,,,,,
,,,,,,,,,
,,,,,,,,,
,,,,,,,,,
,,,,,,,,,
,,,,,,,,,
,,,,,,,,,
,,,,,,,,,
,,,,,,,,,
,,,,,,,,,
,,,,,,,,,
,,,,,,,,,
,,,,,,,,,
,,,,,,,,,
,,,,,,,,,
,,,,,,,,,
,,,,,,,,,
,,,,,,,,,
,,,,,,,,,
,,,,,,,,,
,,,,,,,,,
,,,,,,,,,
,,,,,,,,,
,,,,,,,,,
,,,,,,,,,
,,,,,,,,,
,,,,,,,,,
,,,,,,,,,
,,,,,,,,,
,,,,,,,,,
,,,,,,,,,
,,,,,,,,,
,,,,,,,,,
,,,,,,,,,
,,,,,,,,,
,,,,,,,,,
