1u3k_c10,44,7,14,44,44,132,129,192,390,9
1byj_c9,44,7,14,44,44,132,129,192,385,9
2b7g_c2,46,7,14,46,46,138,135,200,400,9
1hlx_c5,44,7,14,44,44,132,129,192,375,9
1ymo_c8,46,7,14,46,46,138,135,200,420,9
1xsu_c9,44,7,14,44,44,132,129,192,380,9
1ebs_c6,44,7,14,44,44,132,129,192,375,9
1n8x_c3,46,7,14,46,46,138,135,200,400,9
1z30_c6,46,7,14,46,46,138,135,200,410,9
1kks_c8,45,7,14,45,45,135,132,196,390,9
1r2p_c2,45,7,14,45,45,135,132,196,395,9
2hem_c3,48,7,14,48,48,144,141,208,425,9
1cq5_c1,48,7,14,48,48,144,141,208,435,9
1bzu_c3,43,7,14,43,43,129,126,188,375,9
1fqz_c5,45,7,14,45,45,135,132,196,385,9
1k2g_c7,44,7,14,44,44,132,129,192,375,9
1n8x_c10,46,7,14,46,46,138,135,200,400,9
2b57_c7,45,7,14,45,45,135,132,196,390,9
1mfy_c6,47,7,14,47,47,141,138,204,430,9
6tna_c7,48,7,14,48,48,144,141,208,425,9
1s9s_c25,48,7,14,48,48,144,141,208,425,9
1zc5_c6,47,7,14,47,47,141,138,204,420,9
1bn0_c3,45,7,14,45,45,135,132,196,395,9
1j4y_c3,46,7,14,46,46,138,135,200,405,9
1o15_c9,46,7,14,46,46,138,135,200,410,9
1p5o_c23,44,7,14,44,44,132,129,192,380,9
1rfr_c9,42,7,14,42,42,126,123,184,360,9
1f79_c5,43,7,14,43,43,129,126,188,365,9
1tlr_c5,45,7,14,45,45,135,132,196,395,9
2f88_c11,44,7,14,44,44,132,129,192,375,9
1ebq_c4,44,7,14,44,44,132,129,192,375,9
2g9c_c5,45,7,14,45,45,135,132,196,390,9
2fey_c8,45,7,14,45,45,135,132,196,400,9
1p5p_c20,45,7,14,45,45,135,132,196,390,9
1qwa_c1,45,7,14,45,45,135,132,196,390,9
2euy_c2,46,7,14,46,46,138,135,200,415,9
1rnk_c4,46,7,14,46,46,138,135,200,415,9
1cq5_c5,46,7,14,46,46,138,135,200,405,9
1wks_c3,46,7,14,46,46,138,135,200,410,9
2g9c_c12,46,7,14,46,46,138,135,200,410,9
2u2a_c5,45,7,14,45,45,135,132,196,400,9
1u2a_c5,45,7,14,45,45,135,132,196,390,9
1q75_c3,44,7,14,44,44,132,129,192,380,9
1jur_c2,46,7,14,46,46,138,135,200,405,9
1z2j_c3,43,7,14,43,43,129,126,188,365,9
1pjy_c7,46,7,14,46,46,138,135,200,410,9
1p5n_c6,45,7,14,45,45,135,132,196,395,9
3dig_c1,44,7,14,44,44,132,129,192,390,9
1atw_c4,46,7,14,46,46,138,135,200,400,9
1xsg_c1,43,7,14,43,43,129,126,188,365,9
1lvj_c7,43,7,14,43,43,129,126,188,365,9
1n8x_c9,45,7,14,45,45,135,132,196,390,9
1rnk_c11,45,7,14,45,45,135,132,196,405,9
1slo_c5,44,7,14,44,44,132,129,192,390,9
1fyp_c4,45,7,14,45,45,135,132,196,385,9
2g9c_c21,45,7,14,45,45,135,132,196,400,9
1t28_c3,43,7,14,43,43,129,126,188,370,9
2es5_c2,45,7,14,45,45,135,132,196,390,9
1fyp_c5,43,7,14,43,43,129,126,188,365,9
1m82_c4,43,7,14,43,43,129,126,188,365,9
1k4a_c3,47,7,14,47,47,141,138,204,425,9
1szy_c1,45,7,14,45,45,135,132,196,390,9
1roq_c2,44,7,14,44,44,132,129,192,385,9
1hwq_c5,47,7,14,47,47,141,138,204,415,9
1l1w_c9,47,7,14,47,47,141,138,204,410,9
1ebr_c8,44,7,14,44,44,132,129,192,380,9
1p5m_c17,47,7,14,47,47,141,138,204,415,9
2au4_c2,47,7,14,47,47,141,138,204,420,9
413d_c4,43,7,14,43,43,129,126,188,365,9
2ixy_c6,43,7,14,43,43,129,126,188,365,9
1txs_c10,43,7,14,43,43,129,126,188,370,9
1xsu_c1,44,7,14,44,44,132,129,192,380,9
1k5i_c6,45,7,14,45,45,135,132,196,390,9
1jtj_c7,45,7,14,45,45,135,132,196,395,9
1cq5_c11,45,7,14,45,45,135,132,196,395,9
1ysv_c5,45,7,14,45,45,135,132,196,400,9
1jur_c4,46,7,14,46,46,138,135,200,405,9
1cql_c3,45,7,14,45,45,135,132,196,385,9
1xsg_c5,45,7,14,45,45,135,132,196,390,9
1txs_c12,44,7,14,44,44,132,129,192,375,9
2gis_c7,45,7,14,45,45,135,132,196,395,9
1ik1_c2,44,7,14,44,44,132,129,192,385,9
1xwu_c3,45,7,14,45,45,135,132,196,395,9
1ebq_c5,43,7,14,43,43,129,126,188,370,9
1oq0_c2,46,7,14,46,46,138,135,200,400,9
1uuu_c3,43,7,14,43,43,129,126,188,370,9
1tlr_c4,44,7,14,44,44,132,129,192,385,9
2au4_c13,46,7,14,46,46,138,135,200,405,9
2k96_c6,42,7,14,42,42,126,123,184,355,9
1ie2_c3,47,7,14,47,47,141,138,204,420,9
1p5n_c5,45,7,14,45,45,135,132,196,395,9
1f78_c8,43,7,14,43,43,129,126,188,365,9
1p5p_c23,45,7,14,45,45,135,132,196,385,9
1yne_c1,44,7,14,44,44,132,129,192,385,9
1fyo_c4,46,7,14,46,46,138,135,200,400,9
1s9s_c13,45,7,14,45,45,135,132,196,395,9
1z2j_c11,45,7,14,45,45,135,132,196,400,9
387d_c8,48,7,14,48,48,144,141,208,435,9
6tna_c12,47,7,14,47,47,141,138,204,415,9
1yng_c1,45,7,14,45,45,135,132,196,395,9
1zc5_c11,47,7,14,47,47,141,138,204,415,9
1hlx_c2,43,7,14,43,43,129,126,188,375,9
1r7w_c3,44,7,14,44,44,132,129,192,385,9
1xsh_c4,43,7,14,43,43,129,126,188,365,9
1f79_c4,44,7,14,44,44,132,129,192,380,9
1qwb_c2,44,7,14,44,44,132,129,192,385,9
2u2a_c6,45,7,14,45,45,135,132,196,405,9
1p5n_c7,45,7,14,45,45,135,132,196,390,9
387d_c5,46,7,14,46,46,138,135,200,405,9
1xsh_c6,45,7,14,45,45,135,132,196,390,9
2f88_c8,46,7,14,46,46,138,135,200,410,9
1n8x_c6,45,7,14,45,45,135,132,196,390,9
2gip_c7,44,7,14,44,44,132,129,192,380,9
2g9c_c6,45,7,14,45,45,135,132,196,390,9
28sr_c6,45,7,14,45,45,135,132,196,390,9
1kp7_c4,47,7,14,47,47,141,138,204,420,9
1jtw_c4,45,7,14,45,45,135,132,196,390,9
2g9c_c1,43,7,14,43,43,129,126,188,370,9
1f7i_c5,43,7,14,43,43,129,126,188,365,9
1syz_c3,41,7,14,41,41,123,120,180,345,9
1m5l_c6,47,7,14,47,47,141,138,204,410,9
1ei2_c1,46,7,14,46,46,138,135,200,405,9
1p5m_c9,44,7,14,44,44,132,129,192,375,9
2kx8_c2,41,7,14,41,41,123,120,180,345,9
2g9c_c13,45,7,14,45,45,135,132,196,395,9
1xhp_c2,43,7,14,43,43,129,126,188,370,9
3dig_c12,47,7,14,47,47,141,138,204,410,9
1cq5_c7,45,7,14,45,45,135,132,196,400,9
1mt4_c6,45,7,14,45,45,135,132,196,395,9
2gis_c1,47,7,14,47,47,141,138,204,415,9
483d_c6,46,7,14,46,46,138,135,200,400,9
1s9s_c28,45,7,14,45,45,135,132,196,395,9
1rfr_c5,45,7,14,45,45,135,132,196,395,9
1f9l_c7,45,7,14,45,45,135,132,196,390,9
2k96_c4,43,7,14,43,43,129,126,188,365,9
1xwu_c4,45,7,14,45,45,135,132,196,400,9
1b36_c4,44,7,14,44,44,132,129,192,385,9
1ebs_c5,46,7,14,46,46,138,135,200,400,9
1f7g_c6,45,7,14,45,45,135,132,196,390,9
1ymo_c13,44,7,14,44,44,132,129,192,390,9
1s9s_c8,43,7,14,43,43,129,126,188,370,9
1n8x_c2,44,7,14,44,44,132,129,192,380,9
1f6x_c8,44,7,14,44,44,132,129,192,380,9
1lvj_c1,45,7,14,45,45,135,132,196,390,9
2awq_c1,44,7,14,44,44,132,129,192,390,9
1b36_c3,44,7,14,44,44,132,129,192,390,9
1yng_c3,45,7,14,45,45,135,132,196,400,9
2gis_c18,45,7,14,45,45,135,132,196,395,9
3dig_c40,46,7,14,46,46,138,135,200,405,9
1hs3_c3,43,7,14,43,43,129,126,188,375,9
2hem_c2,44,7,14,44,44,132,129,192,375,9
1r2p_c10,45,7,14,45,45,135,132,196,395,9
1ylg_c10,45,7,14,45,45,135,132,196,400,9
1rnk_c6,44,7,14,44,44,132,129,192,380,9
1f7i_c6,43,7,14,43,43,129,126,188,365,9
1jzc_c3,44,7,14,44,44,132,129,192,380,9
1yn1_c5,45,7,14,45,45,135,132,196,390,9
2f87_c1,46,7,14,46,46,138,135,200,405,9
1atv_c4,46,7,14,46,46,138,135,200,405,9
1u3k_c5,44,7,14,44,44,132,129,192,380,9
1esh_c2,45,7,14,45,45,135,132,196,395,9
1f7i_c1,43,7,14,43,43,129,126,188,365,9
1rht_c1,44,7,14,44,44,132,129,192,385,9
1l2x_c5,47,7,14,47,47,141,138,204,430,9
2gio_c2,43,7,14,43,43,129,126,188,370,9
1jwc_c2,42,7,14,42,42,126,123,184,355,9
1ebq_c9,45,7,14,45,45,135,132,196,390,9
1e95_c10,45,7,14,45,45,135,132,196,405,9
1k6h_c5,45,7,14,45,45,135,132,196,385,9
2gio_c8,47,7,14,47,47,141,138,204,415,9
2tpk_c1,44,7,14,44,44,132,129,192,385,9
1e95_c7,44,7,14,44,44,132,129,192,380,9
1s34_c1,47,7,14,47,47,141,138,204,410,9
1r4h_c2,47,7,14,47,47,141,138,204,415,9
1ync_c1,45,7,14,45,45,135,132,196,400,9
1nem_c5,47,7,14,47,47,141,138,204,420,9
2fey_c3,46,7,14,46,46,138,135,200,405,9
1bz2_c2,44,7,14,44,44,132,129,192,385,9
2f88_c5,45,7,14,45,45,135,132,196,395,9
2gis_c8,46,7,14,46,46,138,135,200,415,9
1ei2_c7,43,7,14,43,43,129,126,188,375,9
1lvj_c4,46,7,14,46,46,138,135,200,400,9
1lvj_c6,43,7,14,43,43,129,126,188,365,9
1n8x_c11,46,7,14,46,46,138,135,200,410,9
2tpk_c2,44,7,14,44,44,132,129,192,385,9
1feq_c3,43,7,14,43,43,129,126,188,370,9
1f7f_c2,44,7,14,44,44,132,129,192,380,9
1ie1_c6,45,7,14,45,45,135,132,196,400,9
1scl_c6,45,7,14,45,45,135,132,196,400,9
1zc5_c2,46,7,14,46,46,138,135,200,405,9
1p5o_c8,47,7,14,47,47,141,138,204,425,9
1q8n_c9,46,7,14,46,46,138,135,200,405,9
1rng_c1,43,7,14,43,43,129,126,188,365,9
1nc0_c8,42,7,14,42,42,126,123,184,355,9
3dig_c23,44,7,14,44,44,132,129,192,375,9
1na2_c8,42,7,14,42,42,126,123,184,355,9
1ymo_c5,43,7,14,43,43,129,126,188,370,9
1atw_c5,44,7,14,44,44,132,129,192,385,9
2gio_c4,42,7,14,42,42,126,123,184,355,9
1ylg_c4,45,7,14,45,45,135,132,196,400,9
1mfj_c4,44,7,14,44,44,132,129,192,385,9
1e95_c8,45,7,14,45,45,135,132,196,390,9
1uui_c4,46,7,14,46,46,138,135,200,400,9
2es5_c3,44,7,14,44,44,132,129,192,375,9
1r7w_c4,44,7,14,44,44,132,129,192,380,9
2fey_c4,43,7,14,43,43,129,126,188,375,9
1byj_c4,46,7,14,46,46,138,135,200,405,9
1s9s_c4,45,7,14,45,45,135,132,196,385,9
1ie2_c5,45,7,14,45,45,135,132,196,390,9
1k4b_c2,44,7,14,44,44,132,129,192,380,9
2tpk_c11,43,7,14,43,43,129,126,188,370,9
1uts_c8,42,7,14,42,42,126,123,184,355,9
1qd3_c9,44,7,14,44,44,132,129,192,380,9
1jp0_c6,46,7,14,46,46,138,135,200,395,9
1m5l_c1,43,7,14,43,43,129,126,188,365,9
2g1w_c2,44,7,14,44,44,132,129,192,390,9
1kaj_c4,45,7,14,45,45,135,132,196,390,9
3dig_c17,45,7,14,45,45,135,132,196,390,9
1r2p_c7,46,7,14,46,46,138,135,200,410,9
1k6g_c2,44,7,14,44,44,132,129,192,380,9
1mt4_c4,47,7,14,47,47,141,138,204,425,9
1wks_c2,46,7,14,46,46,138,135,200,415,9
1i3x_c2,44,7,14,44,44,132,129,192,380,9
1n8x_c1,44,7,14,44,44,132,129,192,375,9
2g1g_c4,45,7,14,45,45,135,132,196,390,9
2hns_c6,45,7,14,45,45,135,132,196,400,9
2a9l_c2,43,7,14,43,43,129,126,188,370,9
1f7g_c4,45,7,14,45,45,135,132,196,390,9
2k96_c8,44,7,14,44,44,132,129,192,380,9
1jur_c6,45,7,14,45,45,135,132,196,400,9
2tpk_c9,44,7,14,44,44,132,129,192,385,9
1p5m_c3,43,7,14,43,43,129,126,188,370,9
1tfn_c8,44,7,14,44,44,132,129,192,385,9
1ebr_c5,46,7,14,46,46,138,135,200,400,9
1zc5_c12,47,7,14,47,47,141,138,204,420,9
1ebs_c3,43,7,14,43,43,129,126,188,370,9
1jtj_c2,45,7,14,45,45,135,132,196,395,9
1f7f_c4,44,7,14,44,44,132,129,192,380,9
1rht_c7,46,7,14,46,46,138,135,200,400,9
1f7i_c7,43,7,14,43,43,129,126,188,365,9
2gv3_c3,43,7,14,43,43,129,126,188,365,9
2b57_c13,45,7,14,45,45,135,132,196,390,9
1ie1_c2,46,7,14,46,46,138,135,200,410,9
1cq5_c12,46,7,14,46,46,138,135,200,405,9
1jzc_c1,45,7,14,45,45,135,132,196,395,9
1ync_c4,45,7,14,45,45,135,132,196,400,9
1na2_c10,43,7,14,43,43,129,126,188,370,9
1kks_c1,47,7,14,47,47,141,138,204,415,9
1na2_c4,43,7,14,43,43,129,126,188,365,9
1p5m_c14,45,7,14,45,45,135,132,196,390,9
1f7g_c5,43,7,14,43,43,129,126,188,365,9
2aht_c9,46,7,14,46,46,138,135,200,410,9
1z30_c5,43,7,14,43,43,129,126,188,370,9
2k96_c5,43,7,14,43,43,129,126,188,370,9
1bn0_c5,47,7,14,47,47,141,138,204,410,9
1o15_c10,45,7,14,45,45,135,132,196,400,9
2gio_c7,42,7,14,42,42,126,123,184,355,9
1u3k_c4,45,7,14,45,45,135,132,196,395,9
2f88_c7,45,7,14,45,45,135,132,196,390,9
1xhp_c4,42,7,14,42,42,126,123,184,355,9
1o15_c7,45,7,14,45,45,135,132,196,390,9
2gis_c24,45,7,14,45,45,135,132,196,395,9
2euy_c4,44,7,14,44,44,132,129,192,385,9
2k96_c15,44,7,14,44,44,132,129,192,375,9
1nem_c6,45,7,14,45,45,135,132,196,385,9
1oq0_c1,43,7,14,43,43,129,126,188,365,9
2au4_c12,47,7,14,47,47,141,138,204,420,9
1ysv_c3,45,7,14,45,45,135,132,196,395,9
387d_c2,48,7,14,48,48,144,141,208,435,9
1roq_c1,45,7,14,45,45,135,132,196,395,9
2f87_c2,46,7,14,46,46,138,135,200,405,9
1b36_c5,44,7,14,44,44,132,129,192,380,9
1p5p_c16,45,7,14,45,45,135,132,196,390,9
2gip_c4,42,7,14,42,42,126,123,184,360,9
1yng_c9,45,7,14,45,45,135,132,196,395,9
1jox_c6,46,7,14,46,46,138,135,200,405,9
1ync_c2,46,7,14,46,46,138,135,200,410,9
1kp7_c1,46,7,14,46,46,138,135,200,405,9
1k4b_c3,44,7,14,44,44,132,129,192,385,9
1hs4_c4,44,7,14,44,44,132,129,192,390,9
2b57_c15,46,7,14,46,46,138,135,200,405,9
483d_c3,44,7,14,44,44,132,129,192,385,9
2k96_c14,43,7,14,43,43,129,126,188,370,9
1s2f_c2,47,7,14,47,47,141,138,204,410,9
1f6z_c6,44,7,14,44,44,132,129,192,380,9
1tfn_c6,45,7,14,45,45,135,132,196,395,9
3dig_c6,47,7,14,47,47,141,138,204,410,9
1hwq_c9,42,7,14,42,42,126,123,184,355,9
2a9l_c8,46,7,14,46,46,138,135,200,405,9
2kx8_c14,45,7,14,45,45,135,132,196,390,9
1slp_c4,45,7,14,45,45,135,132,196,390,9
1nem_c7,44,7,14,44,44,132,129,192,380,9
2gis_c26,44,7,14,44,44,132,129,192,375,9
1p5o_c4,44,7,14,44,44,132,129,192,375,9
1jp0_c3,43,7,14,43,43,129,126,188,365,9
2f87_c3,46,7,14,46,46,138,135,200,405,9
1jo7_c7,43,7,14,43,43,129,126,188,365,9
2b57_c8,45,7,14,45,45,135,132,196,390,9
3dig_c38,46,7,14,46,46,138,135,200,400,9
2aht_c5,45,7,14,45,45,135,132,196,400,9
1u3k_c8,46,7,14,46,46,138,135,200,410,9
2gv3_c2,44,7,14,44,44,132,129,192,385,9
1tfn_c7,44,7,14,44,44,132,129,192,380,9
1f7h_c4,43,7,14,43,43,129,126,188,365,9
283d_c1,46,7,14,46,46,138,135,200,410,9
2b7g_c6,44,7,14,44,44,132,129,192,380,9
1s9s_c10,43,7,14,43,43,129,126,188,370,9
1d0u_c1,45,7,14,45,45,135,132,196,390,9
1s9s_c15,46,7,14,46,46,138,135,200,400,9
1jo7_c8,43,7,14,43,43,129,126,188,365,9
2gip_c3,45,7,14,45,45,135,132,196,390,9
1f7i_c3,45,7,14,45,45,135,132,196,395,9
1cq5_c8,44,7,14,44,44,132,129,192,380,9
1cq5_c4,48,7,14,48,48,144,141,208,435,9
1z2j_c9,48,7,14,48,48,144,141,208,430,9
2a9l_c6,46,7,14,46,46,138,135,200,405,9
1tlr_c2,45,7,14,45,45,135,132,196,400,9
1kka_c3,46,7,14,46,46,138,135,200,415,9
1n8x_c4,43,7,14,43,43,129,126,188,365,9
1fyo_c6,42,7,14,42,42,126,123,184,360,9
2fdt_c10,44,7,14,44,44,132,129,192,375,9
1s9s_c12,48,7,14,48,48,144,141,208,425,9
1p5m_c8,46,7,14,46,46,138,135,200,410,9
1k6g_c1,45,7,14,45,45,135,132,196,395,9
2b57_c3,45,7,14,45,45,135,132,196,405,9
413d_c2,44,7,14,44,44,132,129,192,380,9
1p5p_c6,45,7,14,45,45,135,132,196,390,9
1l2x_c8,44,7,14,44,44,132,129,192,380,9
2a43_c4,47,7,14,47,47,141,138,204,435,9
1j4y_c5,46,7,14,46,46,138,135,200,415,9
1yne_c4,44,7,14,44,44,132,129,192,385,9
1nbr_c1,44,7,14,44,44,132,129,192,385,9
2g9c_c9,46,7,14,46,46,138,135,200,405,9
2a9l_c4,46,7,14,46,46,138,135,200,405,9
1s34_c6,47,7,14,47,47,141,138,204,410,9
2gis_c3,47,7,14,47,47,141,138,204,410,9
1r7w_c7,47,7,14,47,47,141,138,204,420,9
1atv_c2,46,7,14,46,46,138,135,200,410,9
1s9s_c26,46,7,14,46,46,138,135,200,405,9
1mfj_c3,43,7,14,43,43,129,126,188,370,9
1ow9_c5,47,7,14,47,47,141,138,204,420,9
1xst_c2,46,7,14,46,46,138,135,200,410,9
2au4_c3,44,7,14,44,44,132,129,192,375,9
1f7h_c9,44,7,14,44,44,132,129,192,380,9
1yn1_c4,45,7,14,45,45,135,132,196,390,9
2b57_c4,45,7,14,45,45,135,132,196,395,9
2fdt_c11,44,7,14,44,44,132,129,192,380,9
1f7h_c8,46,7,14,46,46,138,135,200,405,9
1ync_c6,44,7,14,44,44,132,129,192,390,9
2gis_c22,44,7,14,44,44,132,129,192,380,9
2euy_c6,46,7,14,46,46,138,135,200,410,9
1fyo_c5,44,7,14,44,44,132,129,192,375,9
1yn1_c2,45,7,14,45,45,135,132,196,395,9
1cql_c2,46,7,14,46,46,138,135,200,410,9
1hlx_c6,43,7,14,43,43,129,126,188,365,9
1xsh_c8,43,7,14,43,43,129,126,188,365,9
28sp_c5,48,7,14,48,48,144,141,208,430,9
1xst_c7,46,7,14,46,46,138,135,200,405,9
1wks_c4,47,7,14,47,47,141,138,204,430,9
2hem_c4,43,7,14,43,43,129,126,188,365,9
255d_c3,43,7,14,43,43,129,126,188,365,9
2fey_c13,44,7,14,44,44,132,129,192,385,9
1f7f_c1,43,7,14,43,43,129,126,188,365,9
3dig_c24,47,7,14,47,47,141,138,204,420,9
1ju7_c2,43,7,14,43,43,129,126,188,365,9
2fdt_c12,44,7,14,44,44,132,129,192,380,9
1jur_c1,45,7,14,45,45,135,132,196,395,9
1f9l_c2,47,7,14,47,47,141,138,204,425,9
1nz1_c4,42,7,14,42,42,126,123,184,355,9
1hs8_c1,44,7,14,44,44,132,129,192,385,9
1fyo_c7,42,7,14,42,42,126,123,184,360,9
1lvj_c8,45,7,14,45,45,135,132,196,390,9
2gis_c30,45,7,14,45,45,135,132,196,395,9
1d0u_c6,46,7,14,46,46,138,135,200,405,9
1ymo_c12,47,7,14,47,47,141,138,204,435,9
1f7g_c7,43,7,14,43,43,129,126,188,365,9
2gis_c21,47,7,14,47,47,141,138,204,420,9
2g1w_c6,44,7,14,44,44,132,129,192,375,9
2fdt_c7,44,7,14,44,44,132,129,192,380,9
1f7i_c2,45,7,14,45,45,135,132,196,395,9
2gio_c1,45,7,14,45,45,135,132,196,390,9
2gv3_c1,43,7,14,43,43,129,126,188,370,9
1bgz_c6,46,7,14,46,46,138,135,200,405,9
3dig_c21,47,7,14,47,47,141,138,204,420,9
3dig_c34,46,7,14,46,46,138,135,200,405,9
1o15_c4,47,7,14,47,47,141,138,204,420,9
1ie2_c7,44,7,14,44,44,132,129,192,390,9
1k2g_c4,45,7,14,45,45,135,132,196,395,9
1y26_c4,45,7,14,45,45,135,132,196,405,9
1s9s_c2,45,7,14,45,45,135,132,196,390,9
1xwp_c5,45,7,14,45,45,135,132,196,395,9
1xhp_c6,47,7,14,47,47,141,138,204,425,9
1p5p_c1,44,7,14,44,44,132,129,192,385,9
1l2x_c7,46,7,14,46,46,138,135,200,410,9
1jox_c5,46,7,14,46,46,138,135,200,395,9
1u3k_c3,46,7,14,46,46,138,135,200,405,9
1scl_c7,48,7,14,48,48,144,141,208,435,9
2a9l_c9,46,7,14,46,46,138,135,200,405,9
1s9s_c23,44,7,14,44,44,132,129,192,380,9
1s2f_c6,45,7,14,45,45,135,132,196,390,9
1y26_c18,46,7,14,46,46,138,135,200,410,9
1z30_c4,46,7,14,46,46,138,135,200,410,9
1txs_c7,43,7,14,43,43,129,126,188,370,9
2ixy_c1,43,7,14,43,43,129,126,188,365,9
1zc5_c5,43,7,14,43,43,129,126,188,365,9
1l1w_c1,43,7,14,43,43,129,126,188,370,9
1y26_c14,45,7,14,45,45,135,132,196,395,9
1xst_c6,44,7,14,44,44,132,129,192,380,9
1nbr_c7,46,7,14,46,46,138,135,200,410,9
1f6z_c1,43,7,14,43,43,129,126,188,365,9
2aht_c6,43,7,14,43,43,129,126,188,370,9
1y26_c21,44,7,14,44,44,132,129,192,390,9
1l1w_c2,44,7,14,44,44,132,129,192,385,9
1ymo_c15,46,7,14,46,46,138,135,200,415,9
1kks_c3,45,7,14,45,45,135,132,196,390,9
1p5m_c16,43,7,14,43,43,129,126,188,370,9
1cq5_c10,44,7,14,44,44,132,129,192,375,9
1rnk_c9,45,7,14,45,45,135,132,196,395,9
1hs2_c4,45,7,14,45,45,135,132,196,395,9
2hem_c8,44,7,14,44,44,132,129,192,375,9
1r7w_c8,44,7,14,44,44,132,129,192,375,9
2au4_c4,45,7,14,45,45,135,132,196,385,9
2hem_c5,48,7,14,48,48,144,141,208,425,9
1i4b_c2,44,7,14,44,44,132,129,192,375,9
1uuu_c2,44,7,14,44,44,132,129,192,380,9
2fey_c6,44,7,14,44,44,132,129,192,385,9
1fyo_c2,45,7,14,45,45,135,132,196,395,9
1f79_c8,46,7,14,46,46,138,135,200,405,9
2b7g_c1,45,7,14,45,45,135,132,196,390,9
2ixz_c2,44,7,14,44,44,132,129,192,375,9
1cq5_c2,46,7,14,46,46,138,135,200,410,9
1atv_c1,46,7,14,46,46,138,135,200,405,9
1s9s_c32,44,7,14,44,44,132,129,192,380,9
1s9s_c30,45,7,14,45,45,135,132,196,395,9
1f79_c9,43,7,14,43,43,129,126,188,365,9
1rfr_c8,43,7,14,43,43,129,126,188,370,9
1uui_c9,44,7,14,44,44,132,129,192,380,9
1r7z_c9,42,7,14,42,42,126,123,184,360,9
1f9l_c3,46,7,14,46,46,138,135,200,405,9
1y26_c19,45,7,14,45,45,135,132,196,395,9
1roq_c4,44,7,14,44,44,132,129,192,380,9
1y26_c3,43,7,14,43,43,129,126,188,370,9
1f78_c3,45,7,14,45,45,135,132,196,390,9
1ato_c5,45,7,14,45,45,135,132,196,385,9
1ebq_c6,44,7,14,44,44,132,129,192,385,9
1yn2_c4,43,7,14,43,43,129,126,188,370,9
1s9s_c31,44,7,14,44,44,132,129,192,375,9
1nbr_c4,45,7,14,45,45,135,132,196,390,9
1o15_c2,44,7,14,44,44,132,129,192,380,9
3dig_c32,46,7,14,46,46,138,135,200,405,9
28sr_c7,47,7,14,47,47,141,138,204,420,9
3dig_c56,47,7,14,47,47,141,138,204,410,9
1k6g_c5,44,7,14,44,44,132,129,192,380,9
2o33_c6,42,7,14,42,42,126,123,184,355,9
1e95_c2,45,7,14,45,45,135,132,196,390,9
2g9c_c2,46,7,14,46,46,138,135,200,405,9
1yne_c8,45,7,14,45,45,135,132,196,400,9
1yn1_c3,43,7,14,43,43,129,126,188,370,9
1atv_c3,47,7,14,47,47,141,138,204,420,9
1q8n_c5,45,7,14,45,45,135,132,196,395,9
1jo7_c2,44,7,14,44,44,132,129,192,375,9
1kaj_c7,46,7,14,46,46,138,135,200,415,9
1xsh_c7,44,7,14,44,44,132,129,192,375,9
1pjy_c2,47,7,14,47,47,141,138,204,420,9
1ju7_c5,45,7,14,45,45,135,132,196,390,9
1jwc_c3,41,7,14,41,41,123,120,180,345,9
483d_c4,44,7,14,44,44,132,129,192,385,9
3dig_c53,47,7,14,47,47,141,138,204,420,9
1yne_c9,45,7,14,45,45,135,132,196,400,9
1nc0_c3,47,7,14,47,47,141,138,204,420,9
1t28_c8,43,7,14,43,43,129,126,188,370,9
1y26_c5,43,7,14,43,43,129,126,188,370,9
1mt4_c5,46,7,14,46,46,138,135,200,410,9
1mfy_c1,47,7,14,47,47,141,138,204,425,9
1f78_c6,44,7,14,44,44,132,129,192,380,9
2g1g_c3,45,7,14,45,45,135,132,196,390,9
1ato_c1,42,7,14,42,42,126,123,184,355,9
1e95_c11,43,7,14,43,43,129,126,188,370,9
1l1w_c3,46,7,14,46,46,138,135,200,400,9
1s9s_c33,45,7,14,45,45,135,132,196,400,9
1ymo_c2,48,7,14,48,48,144,141,208,445,9
1xsu_c3,43,7,14,43,43,129,126,188,365,9
1rht_c2,44,7,14,44,44,132,129,192,385,9
1cq5_c14,43,7,14,43,43,129,126,188,370,9
3dig_c13,46,7,14,46,46,138,135,200,400,9
1ymo_c4,43,7,14,43,43,129,126,188,370,9
1byj_c3,45,7,14,45,45,135,132,196,395,9
1ebr_c9,45,7,14,45,45,135,132,196,390,9
1s34_c2,41,7,14,41,41,123,120,180,345,9
1ow9_c3,46,7,14,46,46,138,135,200,410,9
1ebs_c8,46,7,14,46,46,138,135,200,400,9
1rnk_c2,44,7,14,44,44,132,129,192,380,9
2ixy_c3,43,7,14,43,43,129,126,188,365,9
1uts_c1,45,7,14,45,45,135,132,196,390,9
2au4_c8,45,7,14,45,45,135,132,196,385,9
1mt4_c1,46,7,14,46,46,138,135,200,415,9
1ik1_c4,44,7,14,44,44,132,129,192,385,9
2o33_c1,42,7,14,42,42,126,123,184,355,9
2ixy_c4,45,7,14,45,45,135,132,196,395,9
1scl_c8,44,7,14,44,44,132,129,192,385,9
2gv3_c7,43,7,14,43,43,129,126,188,370,9
1r7z_c10,42,7,14,42,42,126,123,184,360,9
1mt4_c8,44,7,14,44,44,132,129,192,385,9
1f7f_c9,44,7,14,44,44,132,129,192,375,9
1zig_c1,47,7,14,47,47,141,138,204,415,9
1o15_c8,44,7,14,44,44,132,129,192,380,9
2b57_c17,46,7,14,46,46,138,135,200,405,9
1kp7_c3,42,7,14,42,42,126,123,184,355,9
1xhp_c5,43,7,14,43,43,129,126,188,370,9
1xst_c9,46,7,14,46,46,138,135,200,410,9
2a9l_c5,46,7,14,46,46,138,135,200,405,9
1qwa_c3,44,7,14,44,44,132,129,192,380,9
3dig_c2,46,7,14,46,46,138,135,200,400,9
2gio_c5,44,7,14,44,44,132,129,192,380,9
2tpk_c10,44,7,14,44,44,132,129,192,385,9
413d_c1,43,7,14,43,43,129,126,188,365,9
3dig_c42,46,7,14,46,46,138,135,200,400,9
1q8n_c2,46,7,14,46,46,138,135,200,410,9
1p5o_c21,43,7,14,43,43,129,126,188,370,9
6tna_c9,44,7,14,44,44,132,129,192,380,9
2tob_c6,46,7,14,46,46,138,135,200,405,9
1s9s_c3,45,7,14,45,45,135,132,196,395,9
2u2a_c4,45,7,14,45,45,135,132,196,395,9
2gis_c4,46,7,14,46,46,138,135,200,415,9
1ymo_c14,47,7,14,47,47,141,138,204,435,9
1sy4_c6,43,7,14,43,43,129,126,188,365,9
1k2g_c6,45,7,14,45,45,135,132,196,390,9
28sp_c3,45,7,14,45,45,135,132,196,390,9
1yng_c7,43,7,14,43,43,129,126,188,375,9
1tjz_c5,44,7,14,44,44,132,129,192,380,9
2euy_c8,46,7,14,46,46,138,135,200,415,9
1uts_c9,45,7,14,45,45,135,132,196,390,9
1s34_c5,43,7,14,43,43,129,126,188,370,9
1jo7_c3,42,7,14,42,42,126,123,184,355,9
1rfr_c7,44,7,14,44,44,132,129,192,380,9
1p5n_c3,47,7,14,47,47,141,138,204,425,9
1mfk_c6,44,7,14,44,44,132,129,192,380,9
1p5m_c15,45,7,14,45,45,135,132,196,390,9
2fey_c1,44,7,14,44,44,132,129,192,390,9
1xwu_c2,46,7,14,46,46,138,135,200,415,9
1l1w_c4,46,7,14,46,46,138,135,200,400,9
1fqz_c9,46,7,14,46,46,138,135,200,405,9
255d_c4,43,7,14,43,43,129,126,188,365,9
1kks_c4,41,7,14,41,41,123,120,180,345,9
1na2_c2,42,7,14,42,42,126,123,184,355,9
3dig_c54,46,7,14,46,46,138,135,200,410,9
2u2a_c3,45,7,14,45,45,135,132,196,400,9
2kx8_c10,45,7,14,45,45,135,132,196,390,9
1nc0_c7,42,7,14,42,42,126,123,184,355,9
1xwu_c5,45,7,14,45,45,135,132,196,395,9
3dig_c15,44,7,14,44,44,132,129,192,380,9
1bzu_c5,44,7,14,44,44,132,129,192,385,9
1hwq_c1,44,7,14,44,44,132,129,192,380,9
1hs4_c3,44,7,14,44,44,132,129,192,390,9
1r2p_c9,45,7,14,45,45,135,132,196,390,9
1p5o_c22,44,7,14,44,44,132,129,192,385,9
1f7f_c8,46,7,14,46,46,138,135,200,400,9
1xsg_c9,46,7,14,46,46,138,135,200,400,9
1tjz_c4,46,7,14,46,46,138,135,200,405,9
1f7i_c4,43,7,14,43,43,129,126,188,365,9
1szy_c4,45,7,14,45,45,135,132,196,390,9
2euy_c1,44,7,14,44,44,132,129,192,380,9
1ik1_c1,44,7,14,44,44,132,129,192,385,9
1ebs_c1,44,7,14,44,44,132,129,192,380,9
1slo_c6,45,7,14,45,45,135,132,196,400,9
1pjy_c4,45,7,14,45,45,135,132,196,400,9
1k4b_c4,45,7,14,45,45,135,132,196,390,9
2euy_c11,45,7,14,45,45,135,132,196,400,9
1fyo_c9,45,7,14,45,45,135,132,196,395,9
2b57_c12,44,7,14,44,44,132,129,192,385,9
1xsu_c5,43,7,14,43,43,129,126,188,365,9
1kks_c5,42,7,14,42,42,126,123,184,355,9
2a43_c1,45,7,14,45,45,135,132,196,405,9
1p5p_c5,45,7,14,45,45,135,132,196,390,9
1z31_c9,44,7,14,44,44,132,129,192,375,9
1f9l_c4,46,7,14,46,46,138,135,200,410,9
2tpk_c3,45,7,14,45,45,135,132,196,390,9
2kx8_c4,44,7,14,44,44,132,129,192,380,9
1sy4_c2,43,7,14,43,43,129,126,188,370,9
1xhp_c10,45,7,14,45,45,135,132,196,400,9
1ymo_c3,43,7,14,43,43,129,126,188,365,9
1p5p_c7,44,7,14,44,44,132,129,192,390,9
1hlx_c4,43,7,14,43,43,129,126,188,365,9
1s9s_c16,46,7,14,46,46,138,135,200,410,9
1yn1_c1,43,7,14,43,43,129,126,188,370,9
1f6z_c2,45,7,14,45,45,135,132,196,390,9
1t28_c7,47,7,14,47,47,141,138,204,430,9
1i4c_c4,44,7,14,44,44,132,129,192,385,9
1mfy_c8,47,7,14,47,47,141,138,204,425,9
1jo7_c10,42,7,14,42,42,126,123,184,355,9
1qd3_c7,46,7,14,46,46,138,135,200,400,9
1ymo_c1,43,7,14,43,43,129,126,188,375,9
1zih_c1,46,7,14,46,46,138,135,200,405,9
1l1w_c6,42,7,14,42,42,126,123,184,360,9
2fey_c12,43,7,14,43,43,129,126,188,375,9
3dig_c57,46,7,14,46,46,138,135,200,410,9
3dig_c39,42,7,14,42,42,126,123,184,360,9
1y26_c17,45,7,14,45,45,135,132,196,400,9
3dig_c28,47,7,14,47,47,141,138,204,415,9
2es5_c4,45,7,14,45,45,135,132,196,390,9
3dig_c48,46,7,14,46,46,138,135,200,400,9
1p5m_c11,42,7,14,42,42,126,123,184,360,9
2gv3_c4,44,7,14,44,44,132,129,192,385,9
1f7h_c7,45,7,14,45,45,135,132,196,395,9
1tbk_c5,43,7,14,43,43,129,126,188,375,9
1xst_c8,44,7,14,44,44,132,129,192,380,9
1e95_c6,46,7,14,46,46,138,135,200,410,9
1y26_c8,43,7,14,43,43,129,126,188,375,9
1ato_c3,42,7,14,42,42,126,123,184,360,9
1bn0_c4,47,7,14,47,47,141,138,204,410,9
1hlx_c1,44,7,14,44,44,132,129,192,380,9
1txs_c8,42,7,14,42,42,126,123,184,355,9
1r7w_c9,45,7,14,45,45,135,132,196,390,9
1ei2_c5,42,7,14,42,42,126,123,184,360,9
1na2_c7,43,7,14,43,43,129,126,188,365,9
1ylg_c3,44,7,14,44,44,132,129,192,385,9
1z2j_c2,44,7,14,44,44,132,129,192,380,9
1k6h_c3,44,7,14,44,44,132,129,192,375,9
1f6x_c7,43,7,14,43,43,129,126,188,365,9
1rht_c5,44,7,14,44,44,132,129,192,385,9
1hs1_c3,43,7,14,43,43,129,126,188,375,9
1yn2_c2,45,7,14,45,45,135,132,196,390,9
1y26_c6,44,7,14,44,44,132,129,192,390,9
1b36_c1,44,7,14,44,44,132,129,192,375,9
2g9c_c16,45,7,14,45,45,135,132,196,400,9
1ei2_c8,45,7,14,45,45,135,132,196,390,9
1uui_c7,45,7,14,45,45,135,132,196,395,9
483d_c7,47,7,14,47,47,141,138,204,415,9
1r7w_c6,43,7,14,43,43,129,126,188,365,9
2gis_c6,46,7,14,46,46,138,135,200,410,9
1y26_c7,42,7,14,42,42,126,123,184,360,9
1nc0_c6,48,7,14,48,48,144,141,208,430,9
2f88_c3,44,7,14,44,44,132,129,192,375,9
2gio_c3,42,7,14,42,42,126,123,184,355,9
2a9l_c3,44,7,14,44,44,132,129,192,385,9
1r4h_c3,45,7,14,45,45,135,132,196,395,9
1bgz_c5,43,7,14,43,43,129,126,188,365,9
2g1g_c5,44,7,14,44,44,132,129,192,375,9
2b57_c5,46,7,14,46,46,138,135,200,400,9
1jox_c3,45,7,14,45,45,135,132,196,395,9
1kaj_c6,46,7,14,46,46,138,135,200,415,9
1ebs_c4,45,7,14,45,45,135,132,196,390,9
2hns_c3,45,7,14,45,45,135,132,196,400,9
3dig_c20,42,7,14,42,42,126,123,184,355,9
1cql_c12,45,7,14,45,45,135,132,196,395,9
1u3k_c12,45,7,14,45,45,135,132,196,390,9
1syz_c8,47,7,14,47,47,141,138,204,420,9
483d_c2,46,7,14,46,46,138,135,200,405,9
1bz2_c4,44,7,14,44,44,132,129,192,385,9
1kp7_c2,43,7,14,43,43,129,126,188,370,9
1zig_c2,46,7,14,46,46,138,135,200,405,9
1jtj_c4,45,7,14,45,45,135,132,196,395,9
2aht_c2,43,7,14,43,43,129,126,188,370,9
2hns_c5,46,7,14,46,46,138,135,200,410,9
1j4y_c1,45,7,14,45,45,135,132,196,405,9
1f79_c2,44,7,14,44,44,132,129,192,375,9
2gip_c9,45,7,14,45,45,135,132,196,390,9
1ie1_c4,45,7,14,45,45,135,132,196,400,9
2ixy_c9,44,7,14,44,44,132,129,192,385,9
1ie1_c7,45,7,14,45,45,135,132,196,390,9
1u3k_c7,45,7,14,45,45,135,132,196,395,9
1k2g_c2,44,7,14,44,44,132,129,192,375,9
1ebq_c3,43,7,14,43,43,129,126,188,365,9
1p5o_c2,44,7,14,44,44,132,129,192,380,9
2a43_c2,45,7,14,45,45,135,132,196,390,9
2tob_c2,46,7,14,46,46,138,135,200,410,9
1jzc_c2,45,7,14,45,45,135,132,196,390,9
2tob_c5,46,7,14,46,46,138,135,200,410,9
1nz1_c3,47,7,14,47,47,141,138,204,425,9
1lc6_c2,46,7,14,46,46,138,135,200,410,9
1txs_c11,43,7,14,43,43,129,126,188,370,9
2b57_c14,45,7,14,45,45,135,132,196,395,9
1ebr_c10,43,7,14,43,43,129,126,188,370,9
1yng_c6,44,7,14,44,44,132,129,192,385,9
2fdt_c3,44,7,14,44,44,132,129,192,380,9
1yne_c6,45,7,14,45,45,135,132,196,400,9
1jp0_c5,45,7,14,45,45,135,132,196,395,9
1p5p_c17,44,7,14,44,44,132,129,192,375,9
1e95_c5,46,7,14,46,46,138,135,200,410,9
1ysv_c4,45,7,14,45,45,135,132,196,405,9
1l2x_c9,45,7,14,45,45,135,132,196,390,9
1i3x_c5,43,7,14,43,43,129,126,188,370,9
1f7f_c7,43,7,14,43,43,129,126,188,365,9
1p5o_c18,45,7,14,45,45,135,132,196,395,9
1r7z_c7,46,7,14,46,46,138,135,200,400,9
1ato_c6,44,7,14,44,44,132,129,192,375,9
1slo_c2,43,7,14,43,43,129,126,188,375,9
1nz1_c6,45,7,14,45,45,135,132,196,400,9
1t28_c6,46,7,14,46,46,138,135,200,405,9
1jwc_c4,42,7,14,42,42,126,123,184,360,9
1k4a_c1,45,7,14,45,45,135,132,196,400,9
1yng_c5,45,7,14,45,45,135,132,196,400,9
1cql_c8,45,7,14,45,45,135,132,196,395,9
2gis_c5,45,7,14,45,45,135,132,196,395,9
1xsu_c4,43,7,14,43,43,129,126,188,365,9
2g9c_c7,45,7,14,45,45,135,132,196,390,9
2hem_c1,44,7,14,44,44,132,129,192,375,9
1p5o_c20,45,7,14,45,45,135,132,196,395,9
1tbk_c1,44,7,14,44,44,132,129,192,385,9
1slo_c4,45,7,14,45,45,135,132,196,390,9
1tbk_c3,45,7,14,45,45,135,132,196,395,9
1u3k_c9,44,7,14,44,44,132,129,192,380,9
1hwq_c7,44,7,14,44,44,132,129,192,380,9
1z2j_c8,48,7,14,48,48,144,141,208,435,9
1ju7_c4,43,7,14,43,43,129,126,188,365,9
1tfn_c1,44,7,14,44,44,132,129,192,385,9
1p5p_c13,43,7,14,43,43,129,126,188,370,9
1kp7_c7,44,7,14,44,44,132,129,192,385,9
1tfn_c5,44,7,14,44,44,132,129,192,385,9
2g1w_c5,45,7,14,45,45,135,132,196,400,9
1lc6_c8,46,7,14,46,46,138,135,200,410,9
2a43_c5,44,7,14,44,44,132,129,192,385,9
1uui_c1,45,7,14,45,45,135,132,196,395,9
1bn0_c1,47,7,14,47,47,141,138,204,410,9
1scl_c9,45,7,14,45,45,135,132,196,395,9
1l1w_c8,46,7,14,46,46,138,135,200,400,9
1s9s_c19,47,7,14,47,47,141,138,204,425,9
1ebq_c2,45,7,14,45,45,135,132,196,390,9
1rnk_c10,46,7,14,46,46,138,135,200,400,9
1jtw_c2,46,7,14,46,46,138,135,200,400,9
1xst_c3,46,7,14,46,46,138,135,200,410,9
28sp_c2,45,7,14,45,45,135,132,196,390,9
1mfj_c2,43,7,14,43,43,129,126,188,370,9
1idv_c3,44,7,14,44,44,132,129,192,375,9
483d_c1,43,7,14,43,43,129,126,188,370,9
1szy_c7,44,7,14,44,44,132,129,192,390,9
1yng_c8,45,7,14,45,45,135,132,196,400,9
2gis_c31,43,7,14,43,43,129,126,188,370,9
1z30_c3,46,7,14,46,46,138,135,200,410,9
1ysv_c9,43,7,14,43,43,129,126,188,370,9
1tlr_c7,44,7,14,44,44,132,129,192,385,9
1tfn_c3,44,7,14,44,44,132,129,192,380,9
1k4a_c4,47,7,14,47,47,141,138,204,425,9
1ync_c5,45,7,14,45,45,135,132,196,400,9
1s9s_c27,45,7,14,45,45,135,132,196,385,9
1p5m_c5,46,7,14,46,46,138,135,200,400,9
1k5i_c4,44,7,14,44,44,132,129,192,375,9
1esh_c3,45,7,14,45,45,135,132,196,395,9
2aht_c3,46,7,14,46,46,138,135,200,410,9
1cql_c1,48,7,14,48,48,144,141,208,430,9
1bz2_c1,43,7,14,43,43,129,126,188,375,9
1qwa_c6,44,7,14,44,44,132,129,192,380,9
1zc5_c3,44,7,14,44,44,132,129,192,380,9
1xwp_c2,46,7,14,46,46,138,135,200,405,9
2tpk_c4,45,7,14,45,45,135,132,196,395,9
1xwp_c4,46,7,14,46,46,138,135,200,405,9
3dig_c36,45,7,14,45,45,135,132,196,390,9
1p5o_c3,43,7,14,43,43,129,126,188,370,9
3dig_c46,45,7,14,45,45,135,132,196,390,9
1r7w_c5,42,7,14,42,42,126,123,184,360,9
1uuu_c4,43,7,14,43,43,129,126,188,370,9
1txs_c4,42,7,14,42,42,126,123,184,360,9
1q8n_c8,45,7,14,45,45,135,132,196,395,9
1r7z_c8,46,7,14,46,46,138,135,200,410,9
2g9c_c8,45,7,14,45,45,135,132,196,400,9
2es5_c6,47,7,14,47,47,141,138,204,415,9
1lvj_c3,45,7,14,45,45,135,132,196,390,9
1pjy_c6,47,7,14,47,47,141,138,204,420,9
1xsu_c7,44,7,14,44,44,132,129,192,380,9
2b57_c1,45,7,14,45,45,135,132,196,395,9
1p5o_c16,46,7,14,46,46,138,135,200,410,9
1fyp_c6,44,7,14,44,44,132,129,192,380,9
2awq_c2,44,7,14,44,44,132,129,192,390,9
1t28_c4,48,7,14,48,48,144,141,208,440,9
1k6g_c7,44,7,14,44,44,132,129,192,380,9
2tpk_c12,45,7,14,45,45,135,132,196,395,9
1f7h_c3,44,7,14,44,44,132,129,192,375,9
1f7f_c3,43,7,14,43,43,129,126,188,365,9
1jp0_c7,45,7,14,45,45,135,132,196,390,9
1vop_c1,46,7,14,46,46,138,135,200,400,9
1fqz_c8,46,7,14,46,46,138,135,200,405,9
1f85_c3,45,7,14,45,45,135,132,196,390,9
1z30_c1,45,7,14,45,45,135,132,196,395,9
1slo_c1,47,7,14,47,47,141,138,204,420,9
1hs8_c4,44,7,14,44,44,132,129,192,385,9
1ato_c4,42,7,14,42,42,126,123,184,360,9
1nbr_c5,46,7,14,46,46,138,135,200,410,9
1bzu_c4,43,7,14,43,43,129,126,188,375,9
1ebs_c2,46,7,14,46,46,138,135,200,395,9
3dig_c4,46,7,14,46,46,138,135,200,405,9
1p5m_c18,44,7,14,44,44,132,129,192,380,9
28sr_c3,46,7,14,46,46,138,135,200,405,9
1u2a_c2,44,7,14,44,44,132,129,192,385,9
1ebr_c7,45,7,14,45,45,135,132,196,390,9
1uui_c8,44,7,14,44,44,132,129,192,380,9
1mfk_c4,44,7,14,44,44,132,129,192,380,9
2aht_c7,43,7,14,43,43,129,126,188,370,9
1k6h_c2,47,7,14,47,47,141,138,204,425,9
1z2j_c5,43,7,14,43,43,129,126,188,375,9
1hs3_c2,44,7,14,44,44,132,129,192,385,9
1slp_c5,44,7,14,44,44,132,129,192,390,9
2gip_c6,42,7,14,42,42,126,123,184,360,9
1r7w_c11,45,7,14,45,45,135,132,196,390,9
1p5p_c14,43,7,14,43,43,129,126,188,370,9
1szy_c5,44,7,14,44,44,132,129,192,380,9
1ebr_c4,46,7,14,46,46,138,135,200,400,9
1syz_c4,43,7,14,43,43,129,126,188,370,9
1cql_c11,46,7,14,46,46,138,135,200,405,9
1esh_c4,45,7,14,45,45,135,132,196,395,9
1k2g_c1,44,7,14,44,44,132,129,192,375,9
1slp_c6,44,7,14,44,44,132,129,192,385,9
1f79_c3,43,7,14,43,43,129,126,188,365,9
1qwa_c2,42,7,14,42,42,126,123,184,355,9
1jtj_c5,45,7,14,45,45,135,132,196,395,9
1roq_c3,45,7,14,45,45,135,132,196,395,9
2ixy_c5,43,7,14,43,43,129,126,188,365,9
1scl_c2,44,7,14,44,44,132,129,192,385,9
1qwb_c6,47,7,14,47,47,141,138,204,420,9
1f78_c9,44,7,14,44,44,132,129,192,380,9
2euy_c7,46,7,14,46,46,138,135,200,410,9
1t28_c1,43,7,14,43,43,129,126,188,370,9
1m5l_c9,44,7,14,44,44,132,129,192,380,9
1zc5_c7,45,7,14,45,45,135,132,196,395,9
1tjz_c1,46,7,14,46,46,138,135,200,400,9
1j4y_c2,46,7,14,46,46,138,135,200,415,9
2ixy_c7,43,7,14,43,43,129,126,188,365,9
1y26_c13,44,7,14,44,44,132,129,192,390,9
1hs2_c2,45,7,14,45,45,135,132,196,395,9
387d_c3,46,7,14,46,46,138,135,200,405,9
1lc6_c1,42,7,14,42,42,126,123,184,355,9
1ylg_c7,45,7,14,45,45,135,132,196,400,9
3dig_c30,46,7,14,46,46,138,135,200,405,9
1fqz_c1,45,7,14,45,45,135,132,196,385,9
1p5o_c13,47,7,14,47,47,141,138,204,415,9
1c0o_c4,44,7,14,44,44,132,129,192,375,9
3dig_c44,46,7,14,46,46,138,135,200,405,9
1xwp_c3,45,7,14,45,45,135,132,196,395,9
1uts_c3,42,7,14,42,42,126,123,184,355,9
1rfr_c1,44,7,14,44,44,132,129,192,385,9
2g9c_c20,46,7,14,46,46,138,135,200,410,9
1o15_c5,45,7,14,45,45,135,132,196,395,9
2o33_c3,44,7,14,44,44,132,129,192,375,9
3dig_c5,42,7,14,42,42,126,123,184,355,9
3dig_c49,44,7,14,44,44,132,129,192,385,9
2euy_c3,44,7,14,44,44,132,129,192,380,9
1fyo_c3,44,7,14,44,44,132,129,192,380,9
1jur_c3,48,7,14,48,48,144,141,208,430,9
1kp7_c8,45,7,14,45,45,135,132,196,395,9
1jur_c5,45,7,14,45,45,135,132,196,390,9
1rfr_c10,43,7,14,43,43,129,126,188,370,9
1kp7_c10,44,7,14,44,44,132,129,192,380,9
1zig_c3,47,7,14,47,47,141,138,204,415,9
1hs8_c3,44,7,14,44,44,132,129,192,385,9
1mt4_c7,45,7,14,45,45,135,132,196,400,9
1d0u_c5,44,7,14,44,44,132,129,192,385,9
3dig_c3,45,7,14,45,45,135,132,196,395,9
2b57_c16,43,7,14,43,43,129,126,188,370,9
1p5n_c1,44,7,14,44,44,132,129,192,380,9
1qd3_c1,45,7,14,45,45,135,132,196,390,9
480d_c5,43,7,14,43,43,129,126,188,370,9
1e95_c1,45,7,14,45,45,135,132,196,400,9
2fey_c10,45,7,14,45,45,135,132,196,400,9
1ylg_c6,44,7,14,44,44,132,129,192,390,9
3dig_c27,42,7,14,42,42,126,123,184,355,9
2aht_c1,43,7,14,43,43,129,126,188,370,9
1p5o_c15,43,7,14,43,43,129,126,188,370,9
3dig_c25,45,7,14,45,45,135,132,196,395,9
2fey_c11,45,7,14,45,45,135,132,196,390,9
1na2_c1,43,7,14,43,43,129,126,188,370,9
3dig_c52,47,7,14,47,47,141,138,204,415,9
1kks_c7,45,7,14,45,45,135,132,196,390,9
1r2p_c8,47,7,14,47,47,141,138,204,425,9
2kx8_c3,45,7,14,45,45,135,132,196,385,9
1d0u_c3,46,7,14,46,46,138,135,200,405,9
1uui_c2,45,7,14,45,45,135,132,196,395,9
1c0o_c2,44,7,14,44,44,132,129,192,375,9
2gis_c25,46,7,14,46,46,138,135,200,400,9
1mfy_c3,44,7,14,44,44,132,129,192,380,9
1f9l_c5,47,7,14,47,47,141,138,204,425,9
1f78_c1,44,7,14,44,44,132,129,192,380,9
1i3x_c1,43,7,14,43,43,129,126,188,365,9
1ylg_c8,43,7,14,43,43,129,126,188,370,9
2o33_c2,44,7,14,44,44,132,129,192,380,9
1xsg_c6,44,7,14,44,44,132,129,192,380,9
1wks_c5,47,7,14,47,47,141,138,204,430,9
28sr_c9,45,7,14,45,45,135,132,196,390,9
1m82_c1,42,7,14,42,42,126,123,184,355,9
1tfn_c2,45,7,14,45,45,135,132,196,395,9
1i4b_c1,44,7,14,44,44,132,129,192,375,9
1ylg_c5,43,7,14,43,43,129,126,188,375,9
1q8n_c10,46,7,14,46,46,138,135,200,410,9
2es5_c7,44,7,14,44,44,132,129,192,375,9
1slp_c1,47,7,14,47,47,141,138,204,420,9
3dig_c22,43,7,14,43,43,129,126,188,370,9
1zih_c2,46,7,14,46,46,138,135,200,405,9
1rfr_c3,43,7,14,43,43,129,126,188,365,9
1hs4_c2,45,7,14,45,45,135,132,196,400,9
1fqz_c6,47,7,14,47,47,141,138,204,420,9
1ie2_c4,46,7,14,46,46,138,135,200,405,9
1ei2_c3,43,7,14,43,43,129,126,188,375,9
387d_c1,46,7,14,46,46,138,135,200,405,9
2hns_c7,45,7,14,45,45,135,132,196,395,9
1scl_c3,45,7,14,45,45,135,132,196,385,9
2fdt_c2,44,7,14,44,44,132,129,192,380,9
2ixy_c8,45,7,14,45,45,135,132,196,395,9
1bgz_c4,46,7,14,46,46,138,135,200,405,9
1kp7_c9,42,7,14,42,42,126,123,184,355,9
1ebq_c1,45,7,14,45,45,135,132,196,385,9
1uui_c5,42,7,14,42,42,126,123,184,355,9
1m82_c3,42,7,14,42,42,126,123,184,355,9
1xhp_c3,47,7,14,47,47,141,138,204,420,9
1k2g_c5,47,7,14,47,47,141,138,204,420,9
1xsu_c2,45,7,14,45,45,135,132,196,395,9
1l2x_c4,44,7,14,44,44,132,129,192,375,9
1kka_c2,46,7,14,46,46,138,135,200,415,9
1k6h_c4,45,7,14,45,45,135,132,196,385,9
28sp_c9,45,7,14,45,45,135,132,196,395,9
1z2j_c4,46,7,14,46,46,138,135,200,405,9
1p5n_c9,44,7,14,44,44,132,129,192,380,9
1oq0_c5,46,7,14,46,46,138,135,200,400,9
1mfk_c5,45,7,14,45,45,135,132,196,390,9
1xsg_c7,45,7,14,45,45,135,132,196,390,9
2f88_c6,44,7,14,44,44,132,129,192,375,9
1m5l_c7,44,7,14,44,44,132,129,192,380,9
2gis_c16,44,7,14,44,44,132,129,192,380,9
1p5p_c8,43,7,14,43,43,129,126,188,370,9
1xsh_c3,43,7,14,43,43,129,126,188,365,9
1ymo_c6,43,7,14,43,43,129,126,188,370,9
3dig_c19,44,7,14,44,44,132,129,192,385,9
1q8n_c11,45,7,14,45,45,135,132,196,390,9
1f6x_c3,43,7,14,43,43,129,126,188,365,9
1atw_c2,44,7,14,44,44,132,129,192,380,9
2au4_c1,45,7,14,45,45,135,132,196,390,9
1s9s_c14,45,7,14,45,45,135,132,196,390,9
1q8n_c4,46,7,14,46,46,138,135,200,405,9
3dig_c55,47,7,14,47,47,141,138,204,415,9
2kx8_c1,46,7,14,46,46,138,135,200,400,9
2f88_c2,44,7,14,44,44,132,129,192,380,9
2kx8_c5,45,7,14,45,45,135,132,196,390,9
1f9l_c1,47,7,14,47,47,141,138,204,415,9
1mfj_c6,45,7,14,45,45,135,132,196,395,9
1f7h_c5,43,7,14,43,43,129,126,188,365,9
1zif_c3,46,7,14,46,46,138,135,200,410,9
480d_c9,47,7,14,47,47,141,138,204,420,9
1fyp_c9,44,7,14,44,44,132,129,192,380,9
1jp0_c4,46,7,14,46,46,138,135,200,405,9
1f79_c7,44,7,14,44,44,132,129,192,380,9
1i3x_c3,43,7,14,43,43,129,126,188,370,9
1ymo_c10,43,7,14,43,43,129,126,188,375,9
1fqz_c4,45,7,14,45,45,135,132,196,395,9
1rht_c8,46,7,14,46,46,138,135,200,405,9
1hwq_c4,43,7,14,43,43,129,126,188,365,9
1wks_c1,47,7,14,47,47,141,138,204,430,9
1p5p_c21,46,7,14,46,46,138,135,200,405,9
3dig_c18,47,7,14,47,47,141,138,204,415,9
1i46_c3,45,7,14,45,45,135,132,196,390,9
2f88_c4,46,7,14,46,46,138,135,200,410,9
1mfy_c2,43,7,14,43,43,129,126,188,365,9
387d_c6,47,7,14,47,47,141,138,204,420,9
1fyp_c7,47,7,14,47,47,141,138,204,415,9
1k5i_c3,45,7,14,45,45,135,132,196,395,9
1byj_c2,42,7,14,42,42,126,123,184,360,9
1r2p_c6,44,7,14,44,44,132,129,192,380,9
1q8n_c3,46,7,14,46,46,138,135,200,405,9
1xwu_c1,45,7,14,45,45,135,132,196,395,9
1jtj_c3,46,7,14,46,46,138,135,200,410,9
1jox_c2,45,7,14,45,45,135,132,196,390,9
1kaj_c5,45,7,14,45,45,135,132,196,390,9
1qd3_c8,45,7,14,45,45,135,132,196,390,9
1f7i_c8,44,7,14,44,44,132,129,192,380,9
1hwq_c10,46,7,14,46,46,138,135,200,405,9
1f6z_c5,43,7,14,43,43,129,126,188,365,9
1f78_c7,46,7,14,46,46,138,135,200,405,9
1j4y_c4,46,7,14,46,46,138,135,200,400,9
2u2a_c1,45,7,14,45,45,135,132,196,400,9
1y26_c23,43,7,14,43,43,129,126,188,375,9
3dig_c8,46,7,14,46,46,138,135,200,395,9
1yn2_c3,44,7,14,44,44,132,129,192,385,9
2k96_c1,43,7,14,43,43,129,126,188,370,9
1zc5_c1,46,7,14,46,46,138,135,200,400,9
1jo7_c1,42,7,14,42,42,126,123,184,355,9
1yng_c2,44,7,14,44,44,132,129,192,385,9
1lc6_c5,46,7,14,46,46,138,135,200,410,9
1szy_c6,44,7,14,44,44,132,129,192,380,9
1rnk_c1,47,7,14,47,47,141,138,204,425,9
1s9s_c24,45,7,14,45,45,135,132,196,390,9
1xsg_c2,44,7,14,44,44,132,129,192,380,9
1u3k_c2,46,7,14,46,46,138,135,200,405,9
1scl_c1,45,7,14,45,45,135,132,196,385,9
28sr_c5,44,7,14,44,44,132,129,192,380,9
1mfj_c5,42,7,14,42,42,126,123,184,360,9
1xst_c1,45,7,14,45,45,135,132,196,390,9
28sp_c6,48,7,14,48,48,144,141,208,430,9
1cq5_c6,46,7,14,46,46,138,135,200,400,9
1ow9_c2,47,7,14,47,47,141,138,204,420,9
1f7g_c8,45,7,14,45,45,135,132,196,390,9
2gio_c9,43,7,14,43,43,129,126,188,365,9
1z30_c2,44,7,14,44,44,132,129,192,380,9
1m82_c8,46,7,14,46,46,138,135,200,405,9
1ei2_c4,46,7,14,46,46,138,135,200,405,9
1rht_c6,45,7,14,45,45,135,132,196,395,9
1f79_c6,43,7,14,43,43,129,126,188,365,9
1k6g_c6,45,7,14,45,45,135,132,196,395,9
28sr_c1,48,7,14,48,48,144,141,208,435,9
1kka_c1,46,7,14,46,46,138,135,200,415,9
1rnk_c3,46,7,14,46,46,138,135,200,400,9
1f6z_c7,43,7,14,43,43,129,126,188,365,9
1f7h_c1,45,7,14,45,45,135,132,196,395,9
1z2j_c14,45,7,14,45,45,135,132,196,390,9
1uuu_c1,43,7,14,43,43,129,126,188,370,9
2gv3_c5,45,7,14,45,45,135,132,196,395,9
1n8x_c8,45,7,14,45,45,135,132,196,390,9
1s9s_c1,45,7,14,45,45,135,132,196,385,9
1fqz_c7,46,7,14,46,46,138,135,200,405,9
2a9l_c1,46,7,14,46,46,138,135,200,405,9
1f85_c2,45,7,14,45,45,135,132,196,390,9
2g9c_c4,44,7,14,44,44,132,129,192,385,9
28sr_c8,45,7,14,45,45,135,132,196,390,9
1qd3_c6,45,7,14,45,45,135,132,196,395,9
1p5n_c4,44,7,14,44,44,132,129,192,380,9
1m82_c5,47,7,14,47,47,141,138,204,420,9
1xhp_c8,43,7,14,43,43,129,126,188,370,9
1zc5_c8,44,7,14,44,44,132,129,192,390,9
1k4b_c1,44,7,14,44,44,132,129,192,380,9
1u2a_c1,45,7,14,45,45,135,132,196,405,9
28sp_c1,45,7,14,45,45,135,132,196,390,9
1m5l_c3,45,7,14,45,45,135,132,196,390,9
1s2f_c4,44,7,14,44,44,132,129,192,375,9
1ebs_c9,44,7,14,44,44,132,129,192,375,9
1ebs_c7,44,7,14,44,44,132,129,192,380,9
1e95_c9,45,7,14,45,45,135,132,196,390,9
1byj_c6,44,7,14,44,44,132,129,192,375,9
1f78_c2,44,7,14,44,44,132,129,192,380,9
1f6z_c9,45,7,14,45,45,135,132,196,395,9
3dig_c33,44,7,14,44,44,132,129,192,385,9
1qwa_c4,44,7,14,44,44,132,129,192,380,9
1rfr_c6,44,7,14,44,44,132,129,192,380,9
1kaj_c1,44,7,14,44,44,132,129,192,380,9
2hns_c4,45,7,14,45,45,135,132,196,390,9
1uts_c5,45,7,14,45,45,135,132,196,385,9
1ie1_c1,45,7,14,45,45,135,132,196,400,9
1r4h_c1,45,7,14,45,45,135,132,196,395,9
1lc6_c3,43,7,14,43,43,129,126,188,370,9
2tob_c3,46,7,14,46,46,138,135,200,410,9
480d_c7,47,7,14,47,47,141,138,204,420,9
1jp0_c2,44,7,14,44,44,132,129,192,380,9
1p5p_c24,45,7,14,45,45,135,132,196,390,9
1r2p_c3,45,7,14,45,45,135,132,196,395,9
1bgz_c2,45,7,14,45,45,135,132,196,395,9
1ie2_c6,45,7,14,45,45,135,132,196,400,9
1z31_c2,44,7,14,44,44,132,129,192,375,9
1s9s_c6,44,7,14,44,44,132,129,192,375,9
1p5m_c2,43,7,14,43,43,129,126,188,365,9
1syz_c6,42,7,14,42,42,126,123,184,355,9
1s2f_c1,44,7,14,44,44,132,129,192,380,9
1rht_c3,45,7,14,45,45,135,132,196,395,9
1t28_c10,46,7,14,46,46,138,135,200,405,9
1q8n_c12,45,7,14,45,45,135,132,196,395,9
1f7g_c3,43,7,14,43,43,129,126,188,365,9
1r2p_c1,45,7,14,45,45,135,132,196,390,9
1o15_c6,43,7,14,43,43,129,126,188,365,9
1cql_c7,45,7,14,45,45,135,132,196,390,9
1jtj_c1,46,7,14,46,46,138,135,200,410,9
1yn2_c1,45,7,14,45,45,135,132,196,390,9
1syz_c1,41,7,14,41,41,123,120,180,345,9
1p5o_c1,44,7,14,44,44,132,129,192,380,9
1p5p_c18,47,7,14,47,47,141,138,204,420,9
483d_c9,43,7,14,43,43,129,126,188,370,9
1xwp_c1,43,7,14,43,43,129,126,188,370,9
1byj_c5,44,7,14,44,44,132,129,192,380,9
1b36_c8,44,7,14,44,44,132,129,192,385,9
1nc0_c4,47,7,14,47,47,141,138,204,420,9
2fdt_c1,44,7,14,44,44,132,129,192,380,9
1i3x_c4,44,7,14,44,44,132,129,192,380,9
2gis_c14,44,7,14,44,44,132,129,192,380,9
1txs_c5,44,7,14,44,44,132,129,192,385,9
1oq0_c3,46,7,14,46,46,138,135,200,405,9
3dig_c41,43,7,14,43,43,129,126,188,370,9
1ync_c8,46,7,14,46,46,138,135,200,410,9
1m82_c2,42,7,14,42,42,126,123,184,355,9
1mt4_c3,47,7,14,47,47,141,138,204,425,9
1ync_c7,46,7,14,46,46,138,135,200,415,9
1qwb_c8,46,7,14,46,46,138,135,200,410,9
1ebr_c6,44,7,14,44,44,132,129,192,380,9
480d_c1,43,7,14,43,43,129,126,188,370,9
1zih_c4,46,7,14,46,46,138,135,200,405,9
1jtw_c3,46,7,14,46,46,138,135,200,405,9
2fdt_c8,44,7,14,44,44,132,129,192,380,9
1kp7_c5,44,7,14,44,44,132,129,192,385,9
3dig_c16,45,7,14,45,45,135,132,196,385,9
1ebq_c8,43,7,14,43,43,129,126,188,370,9
1r7z_c11,43,7,14,43,43,129,126,188,365,9
1cql_c5,44,7,14,44,44,132,129,192,380,9
1z2j_c10,42,7,14,42,42,126,123,184,360,9
1fhk_c1,46,7,14,46,46,138,135,200,405,9
1yng_c4,45,7,14,45,45,135,132,196,400,9
2k96_c7,43,7,14,43,43,129,126,188,370,9
1r2p_c5,47,7,14,47,47,141,138,204,425,9
1txs_c3,45,7,14,45,45,135,132,196,395,9
1idv_c2,46,7,14,46,46,138,135,200,395,9
1p5n_c11,47,7,14,47,47,141,138,204,425,9
1z2j_c7,42,7,14,42,42,126,123,184,360,9
1zih_c3,44,7,14,44,44,132,129,192,385,9
2g9c_c10,44,7,14,44,44,132,129,192,380,9
1zig_c4,46,7,14,46,46,138,135,200,405,9
1qwb_c5,45,7,14,45,45,135,132,196,400,9
1hlx_c3,44,7,14,44,44,132,129,192,390,9
1nbr_c6,44,7,14,44,44,132,129,192,380,9
1mfy_c4,43,7,14,43,43,129,126,188,365,9
1q75_c2,46,7,14,46,46,138,135,200,405,9
28sp_c7,47,7,14,47,47,141,138,204,420,9
1nem_c3,46,7,14,46,46,138,135,200,410,9
1s2f_c5,44,7,14,44,44,132,129,192,380,9
1k5i_c2,45,7,14,45,45,135,132,196,395,9
1fqz_c2,45,7,14,45,45,135,132,196,385,9
1cq5_c3,47,7,14,47,47,141,138,204,420,9
1ync_c3,45,7,14,45,45,135,132,196,400,9
1ebr_c2,43,7,14,43,43,129,126,188,370,9
1p5o_c17,43,7,14,43,43,129,126,188,370,9
1ebr_c1,45,7,14,45,45,135,132,196,395,9
1r7w_c2,45,7,14,45,45,135,132,196,390,9
1ik1_c3,44,7,14,44,44,132,129,192,385,9
1byj_c8,44,7,14,44,44,132,129,192,375,9
2a43_c3,42,7,14,42,42,126,123,184,355,9
1hwq_c2,42,7,14,42,42,126,123,184,355,9
2euy_c5,45,7,14,45,45,135,132,196,395,9
1mfk_c7,45,7,14,45,45,135,132,196,390,9
1atw_c1,46,7,14,46,46,138,135,200,405,9
2kx8_c12,42,7,14,42,42,126,123,184,355,9
1txs_c6,44,7,14,44,44,132,129,192,380,9
1z2j_c13,47,7,14,47,47,141,138,204,415,9
1u2a_c4,45,7,14,45,45,135,132,196,405,9
1f79_c1,43,7,14,43,43,129,126,188,365,9
1p5o_c5,45,7,14,45,45,135,132,196,385,9
1bgz_c7,46,7,14,46,46,138,135,200,405,9
1k6g_c4,44,7,14,44,44,132,129,192,380,9
3dig_c26,43,7,14,43,43,129,126,188,370,9
1z2j_c12,47,7,14,47,47,141,138,204,420,9
1p5p_c4,43,7,14,43,43,129,126,188,370,9
1atw_c3,46,7,14,46,46,138,135,200,405,9
1f7h_c2,43,7,14,43,43,129,126,188,365,9
1p5o_c14,43,7,14,43,43,129,126,188,370,9
1p5m_c1,46,7,14,46,46,138,135,200,400,9
1ow9_c1,45,7,14,45,45,135,132,196,390,9
1p5o_c6,44,7,14,44,44,132,129,192,380,9
1slp_c3,44,7,14,44,44,132,129,192,385,9
1nbr_c2,45,7,14,45,45,135,132,196,400,9
1f6x_c2,43,7,14,43,43,129,126,188,365,9
1u3k_c1,43,7,14,43,43,129,126,188,375,9
413d_c3,44,7,14,44,44,132,129,192,380,9
1t28_c11,47,7,14,47,47,141,138,204,430,9
1r2p_c4,45,7,14,45,45,135,132,196,395,9
1xsh_c2,43,7,14,43,43,129,126,188,365,9
1f6x_c9,45,7,14,45,45,135,132,196,390,9
28sr_c2,46,7,14,46,46,138,135,200,405,9
1q75_c4,45,7,14,45,45,135,132,196,395,9
1m5l_c8,44,7,14,44,44,132,129,192,380,9
1rnk_c5,47,7,14,47,47,141,138,204,425,9
1q8n_c6,46,7,14,46,46,138,135,200,405,9
1n8x_c7,46,7,14,46,46,138,135,200,405,9
1rng_c4,43,7,14,43,43,129,126,188,365,9
1sy4_c5,47,7,14,47,47,141,138,204,420,9
1b36_c6,46,7,14,46,46,138,135,200,400,9
1e95_c3,45,7,14,45,45,135,132,196,405,9
1p5m_c10,44,7,14,44,44,132,129,192,375,9
1r7z_c1,45,7,14,45,45,135,132,196,390,9
1fyo_c8,43,7,14,43,43,129,126,188,370,9
2tpk_c5,45,7,14,45,45,135,132,196,400,9
2kx8_c7,45,7,14,45,45,135,132,196,390,9
1sy4_c8,46,7,14,46,46,138,135,200,410,9
1s9s_c17,44,7,14,44,44,132,129,192,380,9
2g9c_c15,42,7,14,42,42,126,123,184,360,9
2a43_c7,47,7,14,47,47,141,138,204,435,9
1f6x_c1,43,7,14,43,43,129,126,188,365,9
480d_c6,42,7,14,42,42,126,123,184,355,9
1kaj_c10,45,7,14,45,45,135,132,196,395,9
1ysv_c1,45,7,14,45,45,135,132,196,400,9
1pjy_c5,42,7,14,42,42,126,123,184,355,9
1i4c_c3,44,7,14,44,44,132,129,192,380,9
1ylg_c9,45,7,14,45,45,135,132,196,400,9
1p5m_c12,43,7,14,43,43,129,126,188,370,9
2g1w_c7,42,7,14,42,42,126,123,184,355,9
1xsh_c5,46,7,14,46,46,138,135,200,400,9
1syz_c2,46,7,14,46,46,138,135,200,410,9
1nc0_c2,46,7,14,46,46,138,135,200,410,9
1f78_c5,45,7,14,45,45,135,132,196,390,9
1y26_c9,46,7,14,46,46,138,135,200,410,9
1cql_c9,47,7,14,47,47,141,138,204,420,9
2hns_c2,44,7,14,44,44,132,129,192,380,9
283d_c4,46,7,14,46,46,138,135,200,410,9
1kka_c5,46,7,14,46,46,138,135,200,400,9
1t28_c9,47,7,14,47,47,141,138,204,430,9
1fyp_c1,44,7,14,44,44,132,129,192,380,9
1lvj_c9,45,7,14,45,45,135,132,196,385,9
1bn0_c2,47,7,14,47,47,141,138,204,415,9
2b57_c6,45,7,14,45,45,135,132,196,400,9
2f88_c1,44,7,14,44,44,132,129,192,380,9
2au4_c6,46,7,14,46,46,138,135,200,415,9
480d_c8,47,7,14,47,47,141,138,204,420,9
1esh_c1,45,7,14,45,45,135,132,196,400,9
1y26_c15,44,7,14,44,44,132,129,192,390,9
1uts_c4,43,7,14,43,43,129,126,188,370,9
1l1w_c5,43,7,14,43,43,129,126,188,370,9
1s9s_c9,45,7,14,45,45,135,132,196,395,9
255d_c1,43,7,14,43,43,129,126,188,365,9
1rfr_c4,44,7,14,44,44,132,129,192,380,9
1rng_c2,43,7,14,43,43,129,126,188,365,9
3dig_c11,46,7,14,46,46,138,135,200,400,9
1mt4_c2,44,7,14,44,44,132,129,192,385,9
1jp0_c1,44,7,14,44,44,132,129,192,375,9
1bgz_c3,44,7,14,44,44,132,129,192,385,9
1yne_c10,44,7,14,44,44,132,129,192,385,9
2g1g_c1,45,7,14,45,45,135,132,196,390,9
2o33_c5,42,7,14,42,42,126,123,184,355,9
1jtw_c5,46,7,14,46,46,138,135,200,405,9
1atv_c5,44,7,14,44,44,132,129,192,380,9
387d_c4,46,7,14,46,46,138,135,200,405,9
1n8x_c12,47,7,14,47,47,141,138,204,415,9
1p5p_c19,44,7,14,44,44,132,129,192,385,9
1f7g_c9,45,7,14,45,45,135,132,196,390,9
1k5i_c7,44,7,14,44,44,132,129,192,375,9
1xsg_c8,44,7,14,44,44,132,129,192,380,9
1na2_c3,43,7,14,43,43,129,126,188,370,9
1f7g_c1,43,7,14,43,43,129,126,188,365,9
1y26_c1,45,7,14,45,45,135,132,196,400,9
2g1w_c3,43,7,14,43,43,129,126,188,375,9
1k6g_c3,44,7,14,44,44,132,129,192,380,9
1jo7_c6,47,7,14,47,47,141,138,204,425,9
1p5p_c22,45,7,14,45,45,135,132,196,390,9
1s9s_c5,46,7,14,46,46,138,135,200,405,9
2es5_c5,44,7,14,44,44,132,129,192,375,9
1b36_c12,44,7,14,44,44,132,129,192,385,9
1vop_c3,46,7,14,46,46,138,135,200,395,9
1xsg_c4,46,7,14,46,46,138,135,200,410,9
1m5l_c2,43,7,14,43,43,129,126,188,365,9
1m82_c6,45,7,14,45,45,135,132,196,390,9
1p5o_c19,44,7,14,44,44,132,129,192,375,9
1i46_c4,45,7,14,45,45,135,132,196,395,9
1z2j_c6,44,7,14,44,44,132,129,192,380,9
2tob_c4,46,7,14,46,46,138,135,200,410,9
1qwb_c1,44,7,14,44,44,132,129,192,380,9
2f88_c10,46,7,14,46,46,138,135,200,410,9
1tfn_c4,45,7,14,45,45,135,132,196,395,9
1fhk_c3,46,7,14,46,46,138,135,200,410,9
1f85_c4,46,7,14,46,46,138,135,200,405,9
1zif_c1,45,7,14,45,45,135,132,196,400,9
1r7z_c4,46,7,14,46,46,138,135,200,400,9
2kx8_c11,45,7,14,45,45,135,132,196,390,9
1p5o_c25,45,7,14,45,45,135,132,196,395,9
1nbr_c9,45,7,14,45,45,135,132,196,400,9
2gip_c5,42,7,14,42,42,126,123,184,360,9
1n8x_c5,43,7,14,43,43,129,126,188,365,9
1hwq_c3,45,7,14,45,45,135,132,196,385,9
1p5m_c6,43,7,14,43,43,129,126,188,370,9
1e95_c12,46,7,14,46,46,138,135,200,405,9
2gio_c6,43,7,14,43,43,129,126,188,365,9
2gis_c2,46,7,14,46,46,138,135,200,415,9
2au4_c5,44,7,14,44,44,132,129,192,375,9
1m5l_c5,47,7,14,47,47,141,138,204,420,9
1txs_c9,45,7,14,45,45,135,132,196,395,9
1hs1_c2,44,7,14,44,44,132,129,192,385,9
1ymo_c11,43,7,14,43,43,129,126,188,370,9
2tpk_c6,43,7,14,43,43,129,126,188,370,9
1slo_c3,44,7,14,44,44,132,129,192,385,9
1ymo_c9,44,7,14,44,44,132,129,192,380,9
1uts_c2,45,7,14,45,45,135,132,196,390,9
2g9c_c14,46,7,14,46,46,138,135,200,410,9
1jo7_c5,45,7,14,45,45,135,132,196,395,9
1c0o_c3,43,7,14,43,43,129,126,188,365,9
2a9l_c10,45,7,14,45,45,135,132,196,395,9
2a9l_c7,44,7,14,44,44,132,129,192,385,9
2fdt_c5,44,7,14,44,44,132,129,192,375,9
2fey_c2,45,7,14,45,45,135,132,196,400,9
2kx8_c8,43,7,14,43,43,129,126,188,365,9
2f88_c9,46,7,14,46,46,138,135,200,410,9
1zif_c2,45,7,14,45,45,135,132,196,400,9
1lc6_c6,47,7,14,47,47,141,138,204,425,9
1r2p_c11,46,7,14,46,46,138,135,200,410,9
1hwq_c8,47,7,14,47,47,141,138,204,415,9
1q8n_c1,43,7,14,43,43,129,126,188,370,9
1f7g_c2,43,7,14,43,43,129,126,188,365,9
1txs_c2,43,7,14,43,43,129,126,188,370,9
2b57_c10,45,7,14,45,45,135,132,196,395,9
1uui_c3,45,7,14,45,45,135,132,196,390,9
1f6x_c5,46,7,14,46,46,138,135,200,400,9
1p5m_c13,45,7,14,45,45,135,132,196,390,9
2tpk_c7,44,7,14,44,44,132,129,192,385,9
1lc6_c7,47,7,14,47,47,141,138,204,420,9
3dig_c29,46,7,14,46,46,138,135,200,400,9
1xsh_c1,43,7,14,43,43,129,126,188,365,9
1lc6_c4,43,7,14,43,43,129,126,188,370,9
1p5o_c11,45,7,14,45,45,135,132,196,395,9
1z2j_c1,46,7,14,46,46,138,135,200,405,9
1l2x_c1,44,7,14,44,44,132,129,192,380,9
2au4_c9,46,7,14,46,46,138,135,200,405,9
1u3k_c11,46,7,14,46,46,138,135,200,410,9
1ync_c10,45,7,14,45,45,135,132,196,400,9
2euy_c10,47,7,14,47,47,141,138,204,425,9
1m5l_c10,46,7,14,46,46,138,135,200,405,9
2o33_c4,42,7,14,42,42,126,123,184,355,9
2a43_c6,43,7,14,43,43,129,126,188,365,9
1ow9_c4,47,7,14,47,47,141,138,204,420,9
1ysv_c7,45,7,14,45,45,135,132,196,395,9
2kx8_c9,45,7,14,45,45,135,132,196,390,9
2gip_c1,41,7,14,41,41,123,120,180,345,9
1fqz_c3,47,7,14,47,47,141,138,204,420,9
2b7g_c5,44,7,14,44,44,132,129,192,380,9
2kx8_c13,46,7,14,46,46,138,135,200,400,9
1p5o_c9,45,7,14,45,45,135,132,196,390,9
1jwc_c1,45,7,14,45,45,135,132,196,390,9
1f7f_c5,44,7,14,44,44,132,129,192,380,9
1f6z_c4,43,7,14,43,43,129,126,188,365,9
1p5o_c10,45,7,14,45,45,135,132,196,395,9
1syz_c7,42,7,14,42,42,126,123,184,355,9
2fey_c9,44,7,14,44,44,132,129,192,390,9
1r7z_c2,45,7,14,45,45,135,132,196,390,9
1scl_c5,46,7,14,46,46,138,135,200,405,9
1p5p_c10,45,7,14,45,45,135,132,196,390,9
483d_c8,44,7,14,44,44,132,129,192,385,9
1b36_c10,45,7,14,45,45,135,132,196,385,9
3dig_c47,46,7,14,46,46,138,135,200,400,9
1qd3_c3,44,7,14,44,44,132,129,192,380,9
1tlr_c1,44,7,14,44,44,132,129,192,385,9
1kp7_c6,45,7,14,45,45,135,132,196,395,9
1f6x_c6,46,7,14,46,46,138,135,200,400,9
1jo7_c4,43,7,14,43,43,129,126,188,365,9
1ie1_c3,45,7,14,45,45,135,132,196,395,9
1bzu_c2,44,7,14,44,44,132,129,192,385,9
1p5n_c2,47,7,14,47,47,141,138,204,420,9
1y26_c22,42,7,14,42,42,126,123,184,360,9
28sp_c8,45,7,14,45,45,135,132,196,390,9
2u2a_c2,45,7,14,45,45,135,132,196,400,9
1fyp_c8,43,7,14,43,43,129,126,188,370,9
1r7z_c6,44,7,14,44,44,132,129,192,375,9
2hem_c6,44,7,14,44,44,132,129,192,375,9
1f7i_c9,46,7,14,46,46,138,135,200,405,9
1xst_c4,43,7,14,43,43,129,126,188,365,9
1ync_c9,45,7,14,45,45,135,132,196,395,9
1hs3_c1,44,7,14,44,44,132,129,192,385,9
3dig_c10,46,7,14,46,46,138,135,200,400,9
2gv3_c6,43,7,14,43,43,129,126,188,370,9
1ato_c2,41,7,14,41,41,123,120,180,345,9
1s2f_c3,43,7,14,43,43,129,126,188,370,9
1k5i_c5,44,7,14,44,44,132,129,192,385,9
1mfy_c9,43,7,14,43,43,129,126,188,365,9
3dig_c35,43,7,14,43,43,129,126,188,375,9
1p5n_c8,45,7,14,45,45,135,132,196,390,9
1ie2_c2,46,7,14,46,46,138,135,200,405,9
1i4b_c4,44,7,14,44,44,132,129,192,380,9
1s9s_c7,47,7,14,47,47,141,138,204,425,9
1l2x_c3,46,7,14,46,46,138,135,200,420,9
1mfk_c1,45,7,14,45,45,135,132,196,390,9
1qd3_c2,44,7,14,44,44,132,129,192,385,9
255d_c2,44,7,14,44,44,132,129,192,380,9
387d_c7,45,7,14,45,45,135,132,196,400,9
1m5l_c12,47,7,14,47,47,141,138,204,415,9
1f7h_c6,45,7,14,45,45,135,132,196,390,9
2au4_c7,44,7,14,44,44,132,129,192,375,9
1hs3_c4,44,7,14,44,44,132,129,192,385,9
1tbk_c4,45,7,14,45,45,135,132,196,390,9
1yne_c3,44,7,14,44,44,132,129,192,385,9
2a43_c8,44,7,14,44,44,132,129,192,380,9
1nem_c2,44,7,14,44,44,132,129,192,380,9
1kaj_c2,45,7,14,45,45,135,132,196,405,9
1vop_c4,46,7,14,46,46,138,135,200,395,9
1t28_c2,47,7,14,47,47,141,138,204,430,9
1na2_c9,41,7,14,41,41,123,120,180,345,9
1m82_c7,45,7,14,45,45,135,132,196,390,9
3dig_c7,47,7,14,47,47,141,138,204,415,9
1mfj_c1,46,7,14,46,46,138,135,200,405,9
1uui_c6,45,7,14,45,45,135,132,196,385,9
1s9s_c22,44,7,14,44,44,132,129,192,385,9
1rfr_c2,44,7,14,44,44,132,129,192,385,9
1yne_c2,44,7,14,44,44,132,129,192,390,9
1k2g_c3,44,7,14,44,44,132,129,192,380,9
1mfk_c2,45,7,14,45,45,135,132,196,385,9
1qwb_c3,46,7,14,46,46,138,135,200,410,9
1tjz_c3,45,7,14,45,45,135,132,196,390,9
1f85_c1,46,7,14,46,46,138,135,200,405,9
2g9c_c22,45,7,14,45,45,135,132,196,405,9
1y26_c16,44,7,14,44,44,132,129,192,390,9
1o15_c1,44,7,14,44,44,132,129,192,380,9
283d_c3,46,7,14,46,46,138,135,200,410,9
3dig_c43,48,7,14,48,48,144,141,208,420,9
1uts_c7,43,7,14,43,43,129,126,188,370,9
2a9l_c12,46,7,14,46,46,138,135,200,405,9
1nz1_c1,41,7,14,41,41,123,120,180,345,9
2kx8_c6,44,7,14,44,44,132,129,192,380,9
1sy4_c7,42,7,14,42,42,126,123,184,355,9
2fey_c14,44,7,14,44,44,132,129,192,385,9
1q75_c1,45,7,14,45,45,135,132,196,395,9
1zc5_c10,48,7,14,48,48,144,141,208,425,9
2gip_c2,42,7,14,42,42,126,123,184,360,9
1nz1_c5,46,7,14,46,46,138,135,200,410,9
1ylg_c2,45,7,14,45,45,135,132,196,400,9
1bgz_c1,44,7,14,44,44,132,129,192,385,9
1u2a_c6,46,7,14,46,46,138,135,200,415,9
1hwq_c6,46,7,14,46,46,138,135,200,405,9
1m5l_c4,47,7,14,47,47,141,138,204,415,9
2f87_c4,46,7,14,46,46,138,135,200,405,9
1hs1_c4,44,7,14,44,44,132,129,192,385,9
1tbk_c2,44,7,14,44,44,132,129,192,385,9
1hs2_c3,45,7,14,45,45,135,132,196,395,9
1i4c_c1,44,7,14,44,44,132,129,192,385,9
3dig_c9,44,7,14,44,44,132,129,192,375,9
1jox_c4,43,7,14,43,43,129,126,188,365,9
1kks_c6,45,7,14,45,45,135,132,196,390,9
1xsu_c6,45,7,14,45,45,135,132,196,390,9
1d0u_c7,45,7,14,45,45,135,132,196,395,9
1xhp_c7,41,7,14,41,41,123,120,180,345,9
1xhp_c1,47,7,14,47,47,141,138,204,420,9
1lvj_c10,45,7,14,45,45,135,132,196,390,9
1i4c_c2,44,7,14,44,44,132,129,192,380,9
1jzc_c4,45,7,14,45,45,135,132,196,395,9
1uts_c6,45,7,14,45,45,135,132,196,395,9
2g9c_c19,45,7,14,45,45,135,132,196,395,9
1p5p_c9,46,7,14,46,46,138,135,200,410,9
1ymo_c7,47,7,14,47,47,141,138,204,435,9
1oq0_c4,45,7,14,45,45,135,132,196,385,9
1u3k_c6,47,7,14,47,47,141,138,204,420,9
1nem_c1,47,7,14,47,47,141,138,204,420,9
1hs8_c2,44,7,14,44,44,132,129,192,385,9
1cql_c6,44,7,14,44,44,132,129,192,375,9
1mfk_c3,44,7,14,44,44,132,129,192,375,9
1zc5_c9,46,7,14,46,46,138,135,200,400,9
1jwc_c5,43,7,14,43,43,129,126,188,365,9
1fhk_c2,46,7,14,46,46,138,135,200,410,9
1s34_c4,47,7,14,47,47,141,138,204,410,9
1kaj_c8,45,7,14,45,45,135,132,196,390,9
1qd3_c4,46,7,14,46,46,138,135,200,400,9
2fdt_c4,44,7,14,44,44,132,129,192,380,9
1s34_c7,43,7,14,43,43,129,126,188,370,9
1q8n_c7,46,7,14,46,46,138,135,200,405,9
2g1w_c4,41,7,14,41,41,123,120,180,345,9
1s9s_c11,44,7,14,44,44,132,129,192,375,9
483d_c5,46,7,14,46,46,138,135,200,405,9
2b57_c18,45,7,14,45,45,135,132,196,390,9
1szy_c3,43,7,14,43,43,129,126,188,375,9
2b7g_c4,45,7,14,45,45,135,132,196,390,9
1qwb_c4,45,7,14,45,45,135,132,196,400,9
2g9c_c17,45,7,14,45,45,135,132,196,400,9
1yng_c10,46,7,14,46,46,138,135,200,410,9
2ixz_c1,43,7,14,43,43,129,126,188,365,9
2aht_c4,44,7,14,44,44,132,129,192,390,9
1p5p_c3,44,7,14,44,44,132,129,192,380,9
1q75_c5,45,7,14,45,45,135,132,196,395,9
3dig_c31,46,7,14,46,46,138,135,200,410,9
1cql_c10,46,7,14,46,46,138,135,200,405,9
1p5o_c12,43,7,14,43,43,129,126,188,370,9
1k6h_c1,45,7,14,45,45,135,132,196,385,9
1k4a_c2,46,7,14,46,46,138,135,200,415,9
2b57_c20,43,7,14,43,43,129,126,188,370,9
1rnk_c7,45,7,14,45,45,135,132,196,395,9
1ysv_c8,43,7,14,43,43,129,126,188,370,9
2fey_c7,44,7,14,44,44,132,129,192,390,9
1r7z_c3,43,7,14,43,43,129,126,188,365,9
1tjz_c6,44,7,14,44,44,132,129,192,380,9
1jox_c1,44,7,14,44,44,132,129,192,375,9
1xst_c5,46,7,14,46,46,138,135,200,405,9
2tpk_c8,45,7,14,45,45,135,132,196,395,9
1nem_c4,46,7,14,46,46,138,135,200,400,9
1pjy_c3,47,7,14,47,47,141,138,204,420,9
1f6x_c4,43,7,14,43,43,129,126,188,365,9
2b57_c21,45,7,14,45,45,135,132,196,395,9
1yne_c5,45,7,14,45,45,135,132,196,400,9
1cq5_c13,47,7,14,47,47,141,138,204,420,9
1lvj_c2,45,7,14,45,45,135,132,196,395,9
1scl_c4,47,7,14,47,47,141,138,204,420,9
1l2x_c2,44,7,14,44,44,132,129,192,380,9
1y26_c10,43,7,14,43,43,129,126,188,370,9
1zc5_c4,44,7,14,44,44,132,129,192,385,9
1tlr_c6,45,7,14,45,45,135,132,196,395,9
1fyo_c1,43,7,14,43,43,129,126,188,370,9
2gip_c8,43,7,14,43,43,129,126,188,365,9
3dig_c50,46,7,14,46,46,138,135,200,400,9
1i46_c2,45,7,14,45,45,135,132,196,395,9
2gis_c15,43,7,14,43,43,129,126,188,370,9
1ie1_c5,44,7,14,44,44,132,129,192,385,9
1k6h_c6,44,7,14,44,44,132,129,192,380,9
1xsu_c8,45,7,14,45,45,135,132,196,395,9
1c0o_c1,44,7,14,44,44,132,129,192,375,9
1p5m_c7,47,7,14,47,47,141,138,204,420,9
1p5n_c10,45,7,14,45,45,135,132,196,395,9
2gis_c28,46,7,14,46,46,138,135,200,410,9
1b36_c7,43,7,14,43,43,129,126,188,365,9
1sy4_c4,46,7,14,46,46,138,135,200,410,9
1r7w_c10,47,7,14,47,47,141,138,204,420,9
2gis_c20,45,7,14,45,45,135,132,196,395,9
1z31_c6,43,7,14,43,43,129,126,188,365,9
1idv_c1,43,7,14,43,43,129,126,188,365,9
2gis_c11,44,7,14,44,44,132,129,192,385,9
1uuu_c5,43,7,14,43,43,129,126,188,370,9
2g9c_c3,46,7,14,46,46,138,135,200,410,9
1jox_c7,44,7,14,44,44,132,129,192,380,9
1byj_c7,43,7,14,43,43,129,126,188,370,9
1cq5_c9,43,7,14,43,43,129,126,188,370,9
1bn0_c6,45,7,14,45,45,135,132,196,395,9
2gis_c17,45,7,14,45,45,135,132,196,395,9
1p5p_c2,44,7,14,44,44,132,129,192,375,9
2gis_c10,44,7,14,44,44,132,129,192,375,9
2a9l_c11,44,7,14,44,44,132,129,192,385,9
1byj_c1,46,7,14,46,46,138,135,200,405,9
1na2_c5,41,7,14,41,41,123,120,180,345,9
1ow9_c7,46,7,14,46,46,138,135,200,410,9
2fdt_c6,45,7,14,45,45,135,132,196,390,9
1ju7_c1,42,7,14,42,42,126,123,184,360,9
1cql_c14,46,7,14,46,46,138,135,200,405,9
1y26_c11,45,7,14,45,45,135,132,196,385,9
1zif_c4,47,7,14,47,47,141,138,204,415,9
1vop_c2,45,7,14,45,45,135,132,196,385,9
1o15_c3,46,7,14,46,46,138,135,200,405,9
1nc0_c1,42,7,14,42,42,126,123,184,355,9
1t28_c5,46,7,14,46,46,138,135,200,415,9
1k5i_c1,44,7,14,44,44,132,129,192,375,9
1e95_c4,46,7,14,46,46,138,135,200,420,9
1sy4_c3,42,7,14,42,42,126,123,184,355,9
2aht_c8,46,7,14,46,46,138,135,200,395,9
2g9c_c11,45,7,14,45,45,135,132,196,395,9
1z2j_c15,44,7,14,44,44,132,129,192,380,9
1rht_c4,44,7,14,44,44,132,129,192,385,9
1jur_c7,45,7,14,45,45,135,132,196,390,9
3dig_c45,46,7,14,46,46,138,135,200,405,9
1p5p_c15,44,7,14,44,44,132,129,192,380,9
1rng_c3,44,7,14,44,44,132,129,192,375,9
2fey_c5,43,7,14,43,43,129,126,188,375,9
1d0u_c2,46,7,14,46,46,138,135,200,405,9
480d_c3,47,7,14,47,47,141,138,204,420,9
1bz2_c5,43,7,14,43,43,129,126,188,370,9
1fyp_c2,45,7,14,45,45,135,132,196,385,9
1yn2_c5,43,7,14,43,43,129,126,188,370,9
480d_c2,45,7,14,45,45,135,132,196,390,9
1p5o_c7,44,7,14,44,44,132,129,192,380,9
1kaj_c9,46,7,14,46,46,138,135,200,415,9
1i4b_c3,44,7,14,44,44,132,129,192,375,9
1mfy_c5,44,7,14,44,44,132,129,192,375,9
1szy_c2,44,7,14,44,44,132,129,192,390,9
2g1w_c1,43,7,14,43,43,129,126,188,375,9
1jtj_c6,45,7,14,45,45,135,132,196,395,9
1u2a_c3,45,7,14,45,45,135,132,196,405,9
1s9s_c20,45,7,14,45,45,135,132,196,395,9
1s9s_c21,44,7,14,44,44,132,129,192,380,9
1cql_c13,45,7,14,45,45,135,132,196,390,9
1s9s_c29,45,7,14,45,45,135,132,196,395,9
1nc0_c5,47,7,14,47,47,141,138,204,420,9
283d_c2,47,7,14,47,47,141,138,204,420,9
2g9c_c18,46,7,14,46,46,138,135,200,405,9
1zc5_c13,46,7,14,46,46,138,135,200,405,9
1jo7_c9,45,7,14,45,45,135,132,196,395,9
1s9s_c18,43,7,14,43,43,129,126,188,370,9
2au4_c10,46,7,14,46,46,138,135,200,405,9
1fhk_c4,46,7,14,46,46,138,135,200,410,9
1r7w_c1,42,7,14,42,42,126,123,184,360,9
1kaj_c3,45,7,14,45,45,135,132,196,390,9
1o15_c11,45,7,14,45,45,135,132,196,395,9
1xsh_c9,44,7,14,44,44,132,129,192,380,9
2es5_c1,48,7,14,48,48,144,141,208,425,9
1s34_c3,47,7,14,47,47,141,138,204,410,9
1ylg_c1,45,7,14,45,45,135,132,196,400,9
1jtw_c1,46,7,14,46,46,138,135,200,400,9
1uuu_c6,45,7,14,45,45,135,132,196,390,9
1p5p_c12,44,7,14,44,44,132,129,192,375,9
1s2f_c7,47,7,14,47,47,141,138,204,410,9
1y26_c20,44,7,14,44,44,132,129,192,380,9
480d_c4,45,7,14,45,45,135,132,196,395,9
1feq_c4,43,7,14,43,43,129,126,188,370,9
2hns_c1,45,7,14,45,45,135,132,196,390,9
2b57_c9,45,7,14,45,45,135,132,196,405,9
1y26_c12,43,7,14,43,43,129,126,188,375,9
1qwa_c5,43,7,14,43,43,129,126,188,370,9
1ju7_c3,45,7,14,45,45,135,132,196,390,9
1ei2_c6,44,7,14,44,44,132,129,192,385,9
2b57_c19,46,7,14,46,46,138,135,200,405,9
28sr_c4,45,7,14,45,45,135,132,196,390,9
1ei2_c2,45,7,14,45,45,135,132,196,390,9
1l2x_c6,45,7,14,45,45,135,132,196,390,9
1ebr_c3,45,7,14,45,45,135,132,196,385,9
2b57_c2,46,7,14,46,46,138,135,200,410,9
1mfy_c7,45,7,14,45,45,135,132,196,395,9
1qwa_c7,45,7,14,45,45,135,132,196,390,9
2gis_c19,43,7,14,43,43,129,126,188,375,9
1b36_c11,44,7,14,44,44,132,129,192,390,9
1f6z_c3,46,7,14,46,46,138,135,200,400,9
1ebq_c7,44,7,14,44,44,132,129,192,375,9
1m5l_c11,48,7,14,48,48,144,141,208,425,9
1qd3_c5,45,7,14,45,45,135,132,196,390,9
1nbr_c8,44,7,14,44,44,132,129,192,385,9
1yne_c7,45,7,14,45,45,135,132,196,400,9
3dig_c37,46,7,14,46,46,138,135,200,410,9
1f7f_c6,46,7,14,46,46,138,135,200,400,9
1syz_c5,45,7,14,45,45,135,132,196,400,9
2gis_c12,42,7,14,42,42,126,123,184,355,9
1i3x_c6,44,7,14,44,44,132,129,192,380,9
3dig_c51,45,7,14,45,45,135,132,196,395,9
1hs4_c1,45,7,14,45,45,135,132,196,395,9
1na2_c6,42,7,14,42,42,126,123,184,355,9
1kka_c4,46,7,14,46,46,138,135,200,415,9
1fyp_c3,45,7,14,45,45,135,132,196,395,9
3dig_c14,48,7,14,48,48,144,141,208,430,9
1slp_c2,45,7,14,45,45,135,132,196,390,9
1p5p_c25,42,7,14,42,42,126,123,184,360,9
1r7z_c5,44,7,14,44,44,132,129,192,380,9
2euy_c9,46,7,14,46,46,138,135,200,410,9
1rnk_c8,46,7,14,46,46,138,135,200,415,9
1nbr_c3,43,7,14,43,43,129,126,188,365,9
28sp_c4,44,7,14,44,44,132,129,192,380,9
2fdt_c9,46,7,14,46,46,138,135,200,410,9
1pjy_c1,48,7,14,48,48,144,141,208,430,9
1cql_c4,47,7,14,47,47,141,138,204,420,9
2gis_c23,45,7,14,45,45,135,132,196,390,9
1f6z_c8,43,7,14,43,43,129,126,188,365,9
2gis_c29,45,7,14,45,45,135,132,196,390,9
1qwb_c7,46,7,14,46,46,138,135,200,410,9
1bz2_c3,44,7,14,44,44,132,129,192,385,9
1tjz_c7,45,7,14,45,45,135,132,196,390,9
1ie2_c1,46,7,14,46,46,138,135,200,405,9
1b36_c9,44,7,14,44,44,132,129,192,385,9
1xhp_c9,43,7,14,43,43,129,126,188,370,9
2b7g_c3,43,7,14,43,43,129,126,188,370,9
1y26_c2,44,7,14,44,44,132,129,192,390,9
1kks_c2,44,7,14,44,44,132,129,192,380,9
2ixy_c2,45,7,14,45,45,135,132,196,395,9
2hem_c7,45,7,14,45,45,135,132,196,385,9
1hs2_c1,45,7,14,45,45,135,132,196,395,9
1tjz_c2,44,7,14,44,44,132,129,192,380,9
2tob_c1,44,7,14,44,44,132,129,192,380,9
1feq_c2,43,7,14,43,43,129,126,188,370,9
1ow9_c6,45,7,14,45,45,135,132,196,390,9
1p5o_c24,45,7,14,45,45,135,132,196,390,9
1txs_c1,45,7,14,45,45,135,132,196,395,9
1f9l_c6,45,7,14,45,45,135,132,196,395,9
1mfy_c10,45,7,14,45,45,135,132,196,395,9
1tlr_c3,45,7,14,45,45,135,132,196,395,9
1b36_c2,44,7,14,44,44,132,129,192,390,9
1sy4_c1,45,7,14,45,45,135,132,196,400,9
1xsg_c3,44,7,14,44,44,132,129,192,380,9
2b57_c11,45,7,14,45,45,135,132,196,395,9
2au4_c11,45,7,14,45,45,135,132,196,385,9
1l1w_c7,43,7,14,43,43,129,126,188,365,9
1d0u_c4,43,7,14,43,43,129,126,188,375,9
1p5p_c11,46,7,14,46,46,138,135,200,410,9
2gis_c27,45,7,14,45,45,135,132,196,390,9
1f78_c4,44,7,14,44,44,132,129,192,380,9
1i46_c1,45,7,14,45,45,135,132,196,390,9
1k6h_c7,44,7,14,44,44,132,129,192,375,9
2gis_c13,45,7,14,45,45,135,132,196,400,9
1ysv_c6,45,7,14,45,45,135,132,196,400,9
1p5m_c4,44,7,14,44,44,132,129,192,375,9
1hs1_c1,44,7,14,44,44,132,129,192,385,9
1ysv_c2,46,7,14,46,46,138,135,200,415,9
